{
	"gui_light": "front",
	"display": {
		"thirdperson_righthand": {
			"rotation": [0, -90, 10],
			"translation": [0, 2.5, 1]
		},
		"thirdperson_lefthand": {
			"rotation": [0, 90, -10],
			"translation": [0, 2.5, 1]
		},
		"firstperson_righthand": {
			"rotation": [0, -90, -15],
			"translation": [1.13, 3.2, 1.13],
			"scale": [0.85, 0.85, 0.85]
		},
		"firstperson_lefthand": {
			"rotation": [0, 90, 15],
			"translation": [1.13, 3.2, 1.13],
			"scale": [0.85, 0.85, 0.85]
		},
		"ground": {
			"rotation": [0, 0, 45],
			"translation": [0, 2, 0],
			"scale": [0.75, 0.75, 0.75]
		},
		"gui": {
			"rotation": [135, 45, -135],
			"translation": [1, 2.5, 0]
		},
		"head": {
			"rotation": [0, 0, 135],
			"translation": [11.75, 11.85, 0],
			"scale": [1.6, 1.6, 1.6]
		},
		"fixed": {
			"rotation": [0, 90, 0],
			"translation": [-4, 5, -2.5],
			"scale": [2, 2, 2]
		}
	}
}