{
	"credit": "Made with Blockbench",
	"parent": "handgun",
	"textures": {
		"0": "item/basic-reolver-texture",
		"particle": "item/basic-reolver-texture"
	},
	"elements": [
		{
			"from": [7.4375, 0.31883, 8.20397],
			"to": [8.5625, 3.44383, 10.32897],
			"rotation": {"angle": -22.5, "axis": "x", "origin": [1.5625, 0.38133, 8.26647]},
			"faces": {
				"north": {"uv": [7, 8, 8, 11], "texture": "#0"},
				"east": {"uv": [3, 0, 5, 3], "texture": "#0"},
				"south": {"uv": [0, 9, 1, 12], "texture": "#0"},
				"west": {"uv": [3, 3, 5, 6], "texture": "#0"},
				"up": {"uv": [10, 8, 9, 6], "texture": "#0"},
				"down": {"uv": [9, 9, 8, 11], "texture": "#0"}
			}
		},
		{
			"from": [7.5, 3, 5],
			"to": [8.5, 4, 9],
			"rotation": {"angle": 0, "axis": "x", "origin": [1.5, 3, 7]},
			"faces": {
				"north": {"uv": [9, 10, 10, 11], "texture": "#0"},
				"east": {"uv": [5, 2, 9, 3], "texture": "#0"},
				"south": {"uv": [10, 9, 11, 10], "texture": "#0"},
				"west": {"uv": [5, 3, 9, 4], "texture": "#0"},
				"up": {"uv": [3, 8, 2, 4], "texture": "#0"},
				"down": {"uv": [6, 4, 5, 8], "texture": "#0"}
			}
		},
		{
			"from": [7.5, 2, 6],
			"to": [8.5, 3, 6],
			"rotation": {"angle": 0, "axis": "x", "origin": [1.5, 1, 8]},
			"faces": {
				"north": {"uv": [1, 11, 2, 12], "texture": "#0"},
				"east": {"uv": [0, 0, 0, 1], "texture": "#0"},
				"south": {"uv": [11, 1, 12, 2], "texture": "#0"},
				"west": {"uv": [0, 0, 0, 1], "texture": "#0"},
				"up": {"uv": [1, 0, 0, 0], "texture": "#0"},
				"down": {"uv": [1, 0, 0, 0], "texture": "#0"}
			}
		},
		{
			"from": [7.5, 2, 6],
			"to": [8.5, 2.0001, 8],
			"rotation": {"angle": 0, "axis": "x", "origin": [1.5, 0, 8]},
			"faces": {
				"north": {"uv": [0, 0, 1, 0], "texture": "#0"},
				"east": {"uv": [0, 0, 2, 0], "texture": "#0"},
				"south": {"uv": [0, 0, 1, 0], "texture": "#0"},
				"west": {"uv": [0, 0, 2, 0], "texture": "#0"},
				"up": {"uv": [10, 10, 9, 8], "texture": "#0"},
				"down": {"uv": [11, 0, 10, 2], "texture": "#0"}
			}
		},
		{
			"from": [7.35355, 3.64645, 5.5],
			"to": [9.35355, 5.64645, 7.5],
			"rotation": {"angle": -45, "axis": "z", "origin": [8, 5, 4.56125]},
			"faces": {
				"north": {"uv": [3, 6, 5, 8], "texture": "#0"},
				"east": {"uv": [6, 4, 8, 6], "texture": "#0"},
				"south": {"uv": [6, 6, 8, 8], "texture": "#0"},
				"west": {"uv": [2, 8, 4, 10], "texture": "#0"},
				"up": {"uv": [6, 10, 4, 8], "texture": "#0"},
				"down": {"uv": [10, 4, 8, 6], "texture": "#0"}
			}
		},
		{
			"from": [7.5, 4, 5],
			"to": [8.5, 6, 8],
			"rotation": {"angle": 0, "axis": "x", "origin": [1.5, 4, 7]},
			"faces": {
				"north": {"uv": [1, 9, 2, 11], "texture": "#0"},
				"east": {"uv": [0, 0, 3, 2], "texture": "#0"},
				"south": {"uv": [9, 2, 10, 4], "texture": "#0"},
				"west": {"uv": [0, 2, 3, 4], "texture": "#0"},
				"up": {"uv": [7, 11, 6, 8], "texture": "#0"},
				"down": {"uv": [9, 6, 8, 9], "texture": "#0"}
			}
		},
		{
			"from": [8, 4, 3],
			"to": [8, 5, 5],
			"rotation": {"angle": 0, "axis": "x", "origin": [1.5, 3.5, 7]},
			"faces": {
				"north": {"uv": [0, 0, 0, 1], "texture": "#0"},
				"east": {"uv": [10, 7, 12, 8], "texture": "#0"},
				"south": {"uv": [0, 0, 0, 1], "texture": "#0"},
				"west": {"uv": [10, 8, 12, 9], "texture": "#0"},
				"up": {"uv": [0, 2, 0, 0], "texture": "#0"},
				"down": {"uv": [0, 0, 0, 2], "texture": "#0"}
			}
		},
		{
			"from": [7.625, 4.64645, 7.85355],
			"to": [8.375, 5.39645, 9.35355],
			"rotation": {"angle": -45, "axis": "x", "origin": [7.75, 4.89645, 7.89645]},
			"faces": {
				"north": {"uv": [11, 2, 12, 3], "texture": "#0"},
				"east": {"uv": [3, 10, 5, 11], "texture": "#0"},
				"south": {"uv": [3, 11, 4, 12], "texture": "#0"},
				"west": {"uv": [10, 4, 12, 5], "texture": "#0"},
				"up": {"uv": [6, 12, 5, 10], "texture": "#0"},
				"down": {"uv": [11, 5, 10, 7], "texture": "#0"}
			}
		},
		{
			"from": [8, 5, 0.245],
			"to": [8.70711, 5.70711, 5],
			"rotation": {"angle": 45, "axis": "z", "origin": [8, 5, 4.56125]},
			"faces": {
				"north": {"uv": [11, 3, 12, 4], "texture": "#0"},
				"east": {"uv": [5, 0, 10, 1], "texture": "#0"},
				"south": {"uv": [4, 11, 5, 12], "texture": "#0"},
				"west": {"uv": [5, 1, 10, 2], "texture": "#0"},
				"up": {"uv": [1, 9, 0, 4], "texture": "#0"},
				"down": {"uv": [2, 4, 1, 9], "texture": "#0"}
			}
		}
	],
	"display": {
		"thirdperson_righthand": {
			"translation": [-0.5, 5, 1]
		},
		"thirdperson_lefthand": {
			"translation": [-0.5, 5, 1]
		},
		"firstperson_righthand": {
			"translation": [-2, 8, 4]
		},
		"firstperson_lefthand": {
			"translation": [-2, 8, 4]
		},
		"gui": {
			"rotation": [90, 45, -90],
			"translation": [6, 3, 0],
			"scale": [1.5, 1.5, 1.5]
		},
		"fixed": {
			"rotation": [90, -45, 90],
			"translation": [-7, 4.25, 0],
			"scale": [2, 2, 2]
		}
	}
}