{
  "parent": "minecraft:item/handheld",
  "textures": {
    "layer0": "minecraft:item/diamond_sword"
  },

  "overrides": [
    {
      "predicate": {
        "custom_model_data": 1
      },
      "model": "item/custom_tools/diamond/gladius"
  },
  {
    "predicate": {
      "custom_model_data": 2
    },
    "model": "item/custom_tools/diamond/arming_sword"
},
{
  "predicate": {
    "custom_model_data": 3
  },
  "model": "item/custom_tools/diamond/long_sword"
},
{
  "predicate": {
    "custom_model_data": 4
  },
  "model": "item/custom_tools/diamond/rapier"
}

]
}