{
	"credit": "Made with Blockbench",
	"texture_size": [32, 32],
	"textures": {
		"0": "item/gas_mask",
		"particle": "item/gas_mask"
	},
	"elements": [
		{
			"from": [3.9999, -0.0001, 3.9999],
			"to": [12.0001, 8.0001, 12.0001],
			"faces": {
				"north": {"uv": [4, 4, 8, 8], "texture": "#0"},
				"east": {"uv": [0, 4, 4, 8], "texture": "#0"},
				"south": {"uv": [12, 4, 16, 8], "texture": "#0"},
				"west": {"uv": [8, 4, 12, 8], "texture": "#0"},
				"up": {"uv": [8, 4, 4, 0], "texture": "#0"},
				"down": {"uv": [12, 0, 8, 4], "texture": "#0"}
			}
		},
		{
			"from": [4, 0, 12],
			"to": [12, 8, 12],
			"faces": {
				"north": {"uv": [12, 4, 16, 8], "texture": "#0"},
				"east": {"uv": [0, 4, 4, 8], "texture": "#0"},
				"south": {"uv": [12, 4, 16, 8], "texture": "#0"},
				"west": {"uv": [8, 4, 12, 8], "texture": "#0"},
				"up": {"uv": [8, 4, 4, 0], "texture": "#0"},
				"down": {"uv": [12, 0, 8, 4], "texture": "#0"}
			}
		},
		{
			"from": [4, 0, 4],
			"to": [12, 0, 12],
			"faces": {
				"north": {"uv": [4, 4, 8, 8], "texture": "#0"},
				"east": {"uv": [0, 4, 4, 8], "texture": "#0"},
				"south": {"uv": [12, 4, 16, 8], "texture": "#0"},
				"west": {"uv": [8, 4, 12, 8], "texture": "#0"},
				"up": {"uv": [12, 4, 8, 0], "texture": "#0"},
				"down": {"uv": [12, 0, 8, 4], "texture": "#0"}
			}
		},
		{
			"from": [4, 8, 4],
			"to": [12, 8, 12],
			"faces": {
				"north": {"uv": [4, 4, 8, 8], "texture": "#0"},
				"east": {"uv": [0, 4, 4, 8], "texture": "#0"},
				"south": {"uv": [12, 4, 16, 8], "texture": "#0"},
				"west": {"uv": [8, 4, 12, 8], "texture": "#0"},
				"up": {"uv": [8, 4, 4, 0], "texture": "#0"},
				"down": {"uv": [8, 0, 4, 4], "texture": "#0"}
			}
		},
		{
			"from": [4, 0, 4],
			"to": [12, 8, 4],
			"faces": {
				"north": {"uv": [4, 4, 8, 8], "texture": "#0"},
				"east": {"uv": [0, 4, 4, 8], "texture": "#0"},
				"south": {"uv": [4, 4, 8, 8], "texture": "#0"},
				"west": {"uv": [8, 4, 12, 8], "texture": "#0"},
				"up": {"uv": [8, 4, 4, 0], "texture": "#0"},
				"down": {"uv": [12, 0, 8, 4], "texture": "#0"}
			}
		},
		{
			"from": [4, 0, 4],
			"to": [4, 8, 12],
			"faces": {
				"north": {"uv": [4, 4, 8, 8], "texture": "#0"},
				"east": {"uv": [0, 4, 4, 8], "texture": "#0"},
				"south": {"uv": [12, 4, 16, 8], "texture": "#0"},
				"west": {"uv": [8, 4, 12, 8], "texture": "#0"},
				"up": {"uv": [8, 4, 4, 0], "texture": "#0"},
				"down": {"uv": [12, 0, 8, 4], "texture": "#0"}
			}
		},
		{
			"from": [12, 0, 4],
			"to": [12, 8, 12],
			"faces": {
				"north": {"uv": [4, 4, 8, 8], "texture": "#0"},
				"east": {"uv": [0, 4, 4, 8], "texture": "#0"},
				"south": {"uv": [12, 4, 16, 8], "texture": "#0"},
				"west": {"uv": [8, 4, 12, 8], "texture": "#0"},
				"up": {"uv": [8, 4, 4, 0], "texture": "#0"},
				"down": {"uv": [12, 0, 8, 4], "texture": "#0"}
			}
		},
		{
			"from": [7, -0.81065, -3.42154],
			"to": [9, 1.18935, -2.42154],
			"rotation": {"angle": -45, "axis": "x", "origin": [5.5, 5.18195, 1.41424]},
			"faces": {
				"north": {"uv": [13.5, 10.5, 14.5, 11.5], "texture": "#0"},
				"east": {"uv": [13, 10.5, 13.5, 11.5], "texture": "#0"},
				"south": {"uv": [15, 10.5, 16, 11.5], "texture": "#0"},
				"west": {"uv": [14.5, 10.5, 15, 11.5], "texture": "#0"},
				"up": {"uv": [14.5, 10.5, 13.5, 10], "texture": "#0"},
				"down": {"uv": [15.5, 10, 14.5, 10.5], "texture": "#0"}
			}
		},
		{
			"from": [6.5, -1.31065, -2.42154],
			"to": [9.5, 1.68935, 1.57846],
			"rotation": {"angle": -45, "axis": "x", "origin": [5.5, 5.18195, 1.41424]},
			"faces": {
				"north": {"uv": [2, 10, 3.5, 11.5], "texture": "#0"},
				"east": {"uv": [0, 10, 2, 11.5], "texture": "#0"},
				"south": {"uv": [5.5, 10, 7, 11.5], "texture": "#0"},
				"west": {"uv": [3.5, 10, 5.5, 11.5], "texture": "#0"},
				"up": {"uv": [3.5, 10, 2, 8], "texture": "#0"},
				"down": {"uv": [5, 8, 3.5, 10], "texture": "#0"}
			}
		},
		{
			"from": [6.25, -1.56065, -5.67154],
			"to": [9.75, 1.93935, -3.17154],
			"rotation": {"angle": -45, "axis": "x", "origin": [5.5, 5.18195, 1.41424]},
			"faces": {
				"north": {"uv": [8.5, 10, 10, 11.5], "texture": "#0"},
				"east": {"uv": [7.5, 10, 8.5, 11.5], "texture": "#0"},
				"south": {"uv": [11, 10, 12.5, 11.5], "texture": "#0"},
				"west": {"uv": [10, 10, 11, 11.5], "texture": "#0"},
				"up": {"uv": [10, 10, 8.5, 9], "texture": "#0"},
				"down": {"uv": [11.5, 9, 10, 10], "texture": "#0"}
			}
		}
	],
	"display": {
		"thirdperson_righthand": {
			"rotation": [75, 45, 0],
			"translation": [0, 2.5, 2.75],
			"scale": [0.5, 0.5, 0.5]
		},
		"thirdperson_lefthand": {
			"rotation": [75, 45, 0],
			"translation": [0, 2.5, 2.75],
			"scale": [0.5, 0.5, 0.5]
		},
		"firstperson_righthand": {
			"rotation": [0, 45, 0],
			"translation": [0, 3.5, 0],
			"scale": [0.8, 0.8, 0.8]
		},
		"firstperson_lefthand": {
			"rotation": [0, 45, 0],
			"translation": [0, 3.5, 0],
			"scale": [0.8, 0.8, 0.8]
		},
		"ground": {
			"translation": [0, 2, 0],
			"scale": [0.5, 0.5, 0.5]
		},
		"gui": {
			"rotation": [30, 225, 0],
			"translation": [0, 3, 0],
			"scale": [0.75, 0.75, 0.75]
		},
		"head": {
			"translation": [0, 7.5, 0],
			"scale": [1.825, 1.825, 1.825]
		},
		"fixed": {
			"rotation": [-90, 0, 0],
			"translation": [0, 0, -7.25]
		}
	},
	"groups": [
		{
			"name": "group",
			"origin": [0, 0, 0],
			"color": 0,
			"children": [0, 1, 2, 3, 4, 5, 6]
		},
		{
			"name": "group",
			"origin": [0, 0, 0],
			"color": 0,
			"children": [7, 8, 9]
		}
	]
}