{
	"credit": "Made with Blockbench",
	"parent": "rifle",
	"texture_size": [32, 32],
	"elements": [
		{
			"from": [7.3125, 2.11287, 7.33705],
			"to": [8.8125, 4.11287, 11.33705],
			"rotation": {"angle": 0, "axis": "y", "origin": [2.125, 3.61287, 9.33705]},
			"faces": {
				"north": {"uv": [2.5, 6, 3.5, 7], "texture": "#missing"},
				"east": {"uv": [0.5, 4, 3, 5], "texture": "#missing"},
				"south": {"uv": [6, 5, 7, 6], "texture": "#missing"},
				"west": {"uv": [4, 2, 6.5, 3], "texture": "#missing"},
				"up": {"uv": [5, 5.5, 4, 3], "texture": "#missing"},
				"down": {"uv": [1.5, 5, 0.5, 7.5], "texture": "#missing"}
			}
		},
		{
			"from": [7.5625, 2.61287, -6.66295],
			"to": [8.5625, 4.11287, 7.33705],
			"rotation": {"angle": 0, "axis": "y", "origin": [2.125, 3.61287, 5.33705]},
			"faces": {
				"north": {"uv": [2.5, 6, 3.5, 7], "texture": "#missing"},
				"east": {"uv": [0.5, 4, 3, 5], "texture": "#missing"},
				"south": {"uv": [6, 5, 7, 6], "texture": "#missing"},
				"west": {"uv": [4, 2, 6.5, 3], "texture": "#missing"},
				"up": {"uv": [5, 5.5, 4, 3], "texture": "#missing"},
				"down": {"uv": [1.5, 5, 0.5, 7.5], "texture": "#missing"}
			}
		},
		{
			"from": [7.5625, 1.73218, 12.80902],
			"to": [8.5625, 3.73218, 16.80902],
			"rotation": {"angle": 0, "axis": "y", "origin": [3, 3.73218, 14.80902]},
			"faces": {
				"north": {"uv": [6.5, 0, 7, 1], "texture": "#missing"},
				"east": {"uv": [1.5, 5, 3.5, 6], "texture": "#missing"},
				"south": {"uv": [6.5, 1, 7, 2], "texture": "#missing"},
				"west": {"uv": [5, 3, 7, 4], "texture": "#missing"},
				"up": {"uv": [2, 8, 1.5, 6], "texture": "#missing"},
				"down": {"uv": [2.5, 6, 2, 8], "texture": "#missing"}
			}
		},
		{
			"from": [7.5, 2.0842, 10.35621],
			"to": [8.625, 4.2092, 16.48121],
			"rotation": {"angle": 22.5, "axis": "x", "origin": [1.625, 2.1467, 10.41871]},
			"faces": {
				"north": {"uv": [3, 4, 3.5, 5], "texture": "#missing"},
				"east": {"uv": [0, 2, 3.5, 3], "texture": "#missing"},
				"south": {"uv": [6, 6, 6.5, 7], "texture": "#missing"},
				"west": {"uv": [0, 3, 3.5, 4], "texture": "#missing"},
				"up": {"uv": [5.5, 7.5, 5, 4], "texture": "#missing"},
				"down": {"uv": [4.5, 5.5, 4, 9], "texture": "#missing"}
			}
		}
	],
	"display": {
		"thirdperson_righthand": {
			"translation": [-1.25, 4.5, -1.25]
		}
	},
	"groups": [
		0,
		1,
		{
			"name": "group",
			"origin": [1.5625, 0.88133, 11.26647],
			"color": 0,
			"children": [2, 3]
		}
	]
}