{
	"credit": "Made with Blockbench",
	"parent": "rifle",
	"texture_size": [64, 32],
	"textures": {
		"2": "item/lever_action_rifle_textures"
	},
	"elements": [
		{
			"name": "reciever",
			"from": [7, 3, 4],
			"to": [9, 5, 8],
			"rotation": {"angle": 0, "axis": "y", "origin": [1.75, 3, 7]},
			"faces": {
				"north": {"uv": [11.25, 4.5, 11.75, 5.5], "texture": "#2"},
				"east": {"uv": [10.25, 0.5, 11.25, 1.5], "texture": "#2"},
				"south": {"uv": [10.5, 6.5, 11, 7.5], "texture": "#2"},
				"west": {"uv": [10.25, 1.5, 11.25, 2.5], "texture": "#2"},
				"up": {"uv": [10, 6.5, 9.5, 4.5], "texture": "#2"},
				"down": {"uv": [10.5, 4.5, 10, 6.5], "texture": "#2"}
			}
		},
		{
			"from": [8, 5, 4],
			"to": [8, 6, 7],
			"rotation": {"angle": 0, "axis": "y", "origin": [1.5, 4, 7]},
			"faces": {
				"north": {"uv": [8, 0, 8, 0.5], "texture": "#2"},
				"east": {"uv": [10.25, 2.5, 11, 3], "texture": "#2"},
				"south": {"uv": [8, 0, 8, 0.5], "texture": "#2"},
				"west": {"uv": [11.25, 5.5, 12, 6], "texture": "#2"},
				"up": {"uv": [8, 1.5, 8, 0], "texture": "#2"},
				"down": {"uv": [8, 0, 8, 1.5], "texture": "#2"}
			}
		},
		{
			"from": [6.9, 5.9, -1.1],
			"to": [9.1, 8.1, 5.1],
			"rotation": {"angle": 0, "axis": "y", "origin": [0, 0, 0.5]},
			"faces": {
				"north": {"uv": [0, 13, 1, 15], "rotation": 180, "texture": "#2"},
				"east": {"uv": [0, 7, 1, 13], "rotation": 270, "texture": "#2"},
				"south": {"uv": [0, 5, 1, 7], "texture": "#2"},
				"west": {"uv": [0, 7, 1, 13], "rotation": 90, "texture": "#2"},
				"up": {"uv": [0, 7, 1, 13], "rotation": 180, "texture": "#2"},
				"down": {"uv": [0, 7, 1, 13], "texture": "#2"}
			}
		},
		{
			"from": [7, 6, 5],
			"to": [9, 8, 10],
			"rotation": {"angle": 0, "axis": "y", "origin": [0, 0, 0.5]},
			"faces": {
				"north": {"uv": [0, 0, 0, 0], "rotation": 180, "texture": "#2"},
				"east": {"uv": [0, 2, 1, 7], "rotation": 270, "texture": "#2"},
				"south": {"uv": [0, 0, 1, 2], "texture": "#2"},
				"west": {"uv": [0, 2, 1, 7], "rotation": 90, "texture": "#2"},
				"up": {"uv": [0, 2, 1, 7], "rotation": 180, "texture": "#2"},
				"down": {"uv": [0, 2, 1, 7], "texture": "#2"}
			}
		},
		{
			"from": [7.1875, 1.84087, 10.07392],
			"to": [8.8125, 4.96587, 15.19892],
			"rotation": {"angle": 0, "axis": "x", "origin": [1.8125, 1.90337, 13.13642]},
			"faces": {
				"north": {"uv": [9, 6.5, 9.5, 8], "texture": "#2"},
				"east": {"uv": [9, 0, 10.25, 1.5], "texture": "#2"},
				"south": {"uv": [9.5, 6.5, 10, 8], "texture": "#2"},
				"west": {"uv": [9, 1.5, 10.25, 3], "texture": "#2"},
				"up": {"uv": [9, 6.5, 8.5, 4], "texture": "#2"},
				"down": {"uv": [9.5, 4, 9, 6.5], "texture": "#2"}
			}
		},
		{
			"from": [7.1885, 1.86103, 6.9786],
			"to": [8.8115, 3.98403, 10.1016],
			"rotation": {"angle": 22.5, "axis": "x", "origin": [1.8125, 1.92253, 10.0401]},
			"faces": {
				"north": {"uv": [11.25, 2, 11.75, 3], "texture": "#2"},
				"east": {"uv": [10.5, 4.5, 11.25, 5.5], "texture": "#2"},
				"south": {"uv": [10, 6.5, 10.5, 7.5], "texture": "#2"},
				"west": {"uv": [10.5, 5.5, 11.25, 6.5], "texture": "#2"},
				"up": {"uv": [11.75, 2, 11.25, 0.5], "texture": "#2"},
				"down": {"uv": [9, 6.5, 8.5, 8], "texture": "#2"}
			}
		},
		{
			"name": "barrel",
			"from": [7.89645, 3.75, -9.755],
			"to": [8.95711, 4.81066, 4],
			"rotation": {"angle": 45, "axis": "z", "origin": [8.25, 3.75, 4.56125]},
			"faces": {
				"north": {"uv": [11, 2.5, 11.25, 3], "texture": "#2"},
				"east": {"uv": [9, 3, 12.5, 3.5], "texture": "#2"},
				"south": {"uv": [11.5, 4, 11.75, 4.5], "texture": "#2"},
				"west": {"uv": [9, 3.5, 12.5, 4], "texture": "#2"},
				"up": {"uv": [8.25, 11, 8, 4], "texture": "#2"},
				"down": {"uv": [8.5, 4, 8.25, 11], "texture": "#2"}
			}
		},
		{
			"name": "something under barrel",
			"from": [7.25, 3, -4],
			"to": [8.75, 4.25, 4],
			"rotation": {"angle": 0, "axis": "y", "origin": [1.75, 3.75, 4]},
			"faces": {
				"north": {"uv": [11, 6.5, 11.5, 7], "texture": "#2"},
				"east": {"uv": [9.5, 4, 11.5, 4.5], "texture": "#2"},
				"south": {"uv": [11.25, 6, 11.75, 6.5], "texture": "#2"},
				"west": {"uv": [10.25, 0, 12.25, 0.5], "texture": "#2"},
				"up": {"uv": [8.5, 4, 8, 0], "texture": "#2"},
				"down": {"uv": [9, 0, 8.5, 4], "texture": "#2"}
			}
		},
		{
			"from": [7.5, 2.45567, 7.30547],
			"to": [8.5, 2.45567, 9.30547],
			"rotation": {"angle": 22.5, "axis": "x", "origin": [8, 3, 6.001]},
			"faces": {
				"north": {"uv": [8, 0, 8.25, 0], "texture": "#2"},
				"east": {"uv": [8, 0, 8.5, 0], "texture": "#2"},
				"south": {"uv": [8, 0, 8.25, 0], "texture": "#2"},
				"west": {"uv": [8, 0, 8.5, 0], "texture": "#2"},
				"up": {"uv": [11.75, 7.5, 11.5, 6.5], "texture": "#2"},
				"down": {"uv": [12, 0.5, 11.75, 1.5], "texture": "#2"}
			}
		},
		{
			"from": [7.5, 2, 6],
			"to": [8.5, 3, 6],
			"rotation": {"angle": 0, "axis": "x", "origin": [8, 3, 6.001]},
			"faces": {
				"north": {"uv": [11.75, 1.5, 12, 2], "texture": "#2"},
				"east": {"uv": [8, 0, 8, 0.5], "texture": "#2"},
				"south": {"uv": [11.75, 2, 12, 2.5], "texture": "#2"},
				"west": {"uv": [8, 0, 8, 0.5], "texture": "#2"},
				"up": {"uv": [8.25, 0, 8, 0], "texture": "#2"},
				"down": {"uv": [8.25, 0, 8, 0], "texture": "#2"}
			}
		},
		{
			"from": [7.5, 2.45567, 9.30547],
			"to": [8.5, 3.45567, 9.30547],
			"rotation": {"angle": 22.5, "axis": "x", "origin": [8, 3, 6.001]},
			"faces": {
				"north": {"uv": [11.75, 2.5, 12, 3], "texture": "#2"},
				"east": {"uv": [8, 0, 8, 0.5], "texture": "#2"},
				"south": {"uv": [10, 7.5, 10.25, 8], "texture": "#2"},
				"west": {"uv": [8, 0, 8, 0.5], "texture": "#2"},
				"up": {"uv": [8.25, 0, 8, 0], "texture": "#2"},
				"down": {"uv": [8.25, 0, 8, 0], "texture": "#2"}
			}
		},
		{
			"from": [7.5, 2.45567, 7.30547],
			"to": [8.5, 3.45567, 7.30547],
			"rotation": {"angle": 22.5, "axis": "x", "origin": [8, 3, 6.001]},
			"faces": {
				"north": {"uv": [11.75, 4, 12, 4.5], "texture": "#2"},
				"east": {"uv": [8, 0, 8, 0.5], "texture": "#2"},
				"south": {"uv": [10.25, 7.5, 10.5, 8], "texture": "#2"},
				"west": {"uv": [8, 0, 8, 0.5], "texture": "#2"},
				"up": {"uv": [8.25, 0, 8, 0], "texture": "#2"},
				"down": {"uv": [8.25, 0, 8, 0], "texture": "#2"}
			}
		},
		{
			"from": [7.5, 2, 6.001],
			"to": [8.5, 2, 7.001],
			"rotation": {"angle": 0, "axis": "x", "origin": [8, 3, 6.001]},
			"faces": {
				"north": {"uv": [8, 0, 8.25, 0], "texture": "#2"},
				"east": {"uv": [8, 0, 8.25, 0], "texture": "#2"},
				"south": {"uv": [8, 0, 8.25, 0], "texture": "#2"},
				"west": {"uv": [8, 0, 8.25, 0], "texture": "#2"},
				"up": {"uv": [12, 5, 11.75, 4.5], "texture": "#2"},
				"down": {"uv": [10.75, 7.5, 10.5, 8], "texture": "#2"}
			}
		},
		{
			"from": [7.5, 3.45567, 7.30547],
			"to": [8.5, 3.45567, 9.30547],
			"rotation": {"angle": 22.5, "axis": "x", "origin": [8, 3, 6.001]},
			"faces": {
				"north": {"uv": [8, 0, 8.25, 0], "texture": "#2"},
				"east": {"uv": [8, 0, 8.5, 0], "texture": "#2"},
				"south": {"uv": [8, 0, 8.25, 0], "texture": "#2"},
				"west": {"uv": [8, 0, 8.5, 0], "texture": "#2"},
				"up": {"uv": [11.25, 8, 11, 7], "texture": "#2"},
				"down": {"uv": [11.5, 7, 11.25, 8], "texture": "#2"}
			}
		},
		{
			"from": [5.25, -1.25, 5],
			"to": [6.25, -0.25, 6],
			"rotation": {"angle": 45, "axis": "x", "origin": [1.75, 3, 8]},
			"faces": {
				"north": {"uv": [13, 14.5, 13.25, 15], "texture": "#2"},
				"east": {"uv": [13, 14.5, 13.25, 15], "texture": "#2"},
				"south": {"uv": [13, 14.5, 13.25, 15], "texture": "#2"},
				"west": {"uv": [13, 14.5, 13.25, 15], "texture": "#2"},
				"up": {"uv": [13.25, 15, 13, 14.5], "texture": "#2"},
				"down": {"uv": [13.25, 14.5, 13, 15], "texture": "#2"}
			}
		},
		{
			"from": [6.25, -0.25, 6],
			"to": [7.25, 0.75, 7],
			"rotation": {"angle": 45, "axis": "x", "origin": [1.75, 3, 8]},
			"faces": {
				"north": {"uv": [13, 14.5, 13.25, 15], "texture": "#2"},
				"east": {"uv": [13, 14.5, 13.25, 15], "texture": "#2"},
				"south": {"uv": [13, 14.5, 13.25, 15], "texture": "#2"},
				"west": {"uv": [13, 14.5, 13.25, 15], "texture": "#2"},
				"up": {"uv": [13.25, 15, 13, 14.5], "texture": "#2"},
				"down": {"uv": [13.25, 14.5, 13, 15], "texture": "#2"}
			}
		},
		{
			"from": [6.25, 0.75, 5],
			"to": [7.25, 1.75, 6],
			"rotation": {"angle": 45, "axis": "x", "origin": [1.75, 3, 8]},
			"faces": {
				"north": {"uv": [13, 14.5, 13.25, 15], "texture": "#2"},
				"east": {"uv": [13, 14.5, 13.25, 15], "texture": "#2"},
				"south": {"uv": [13, 14.5, 13.25, 15], "texture": "#2"},
				"west": {"uv": [13, 14.5, 13.25, 15], "texture": "#2"},
				"up": {"uv": [13.25, 15, 13, 14.5], "texture": "#2"},
				"down": {"uv": [13.25, 14.5, 13, 15], "texture": "#2"}
			}
		},
		{
			"from": [6.25, 1.75, 5],
			"to": [7.25, 2.75, 6],
			"rotation": {"angle": 45, "axis": "x", "origin": [1.75, 3, 8]},
			"faces": {
				"north": {"uv": [13, 14.5, 13.25, 15], "texture": "#2"},
				"east": {"uv": [13, 14.5, 13.25, 15], "texture": "#2"},
				"south": {"uv": [13, 14.5, 13.25, 15], "texture": "#2"},
				"west": {"uv": [13, 14.5, 13.25, 15], "texture": "#2"},
				"up": {"uv": [13.25, 15, 13, 14.5], "texture": "#2"},
				"down": {"uv": [13.25, 14.5, 13, 15], "texture": "#2"}
			}
		},
		{
			"from": [6.25, 2.75, 4],
			"to": [7.25, 3.75, 5],
			"rotation": {"angle": 45, "axis": "x", "origin": [1.75, 3, 8]},
			"faces": {
				"north": {"uv": [13, 14.5, 13.25, 15], "texture": "#2"},
				"east": {"uv": [13, 14.5, 13.25, 15], "texture": "#2"},
				"south": {"uv": [13, 14.5, 13.25, 15], "texture": "#2"},
				"west": {"uv": [13, 14.5, 13.25, 15], "texture": "#2"},
				"up": {"uv": [13.25, 15, 13, 14.5], "texture": "#2"},
				"down": {"uv": [13.25, 14.5, 13, 15], "texture": "#2"}
			}
		},
		{
			"from": [4, -2, -2],
			"to": [7, 1, 5],
			"rotation": {"angle": 45, "axis": "x", "origin": [1.75, 3, 8]},
			"faces": {
				"north": {"uv": [15.25, 10.5, 16, 12], "texture": "#2"},
				"east": {"uv": [15.25, 12.5, 16, 16], "rotation": 90, "texture": "#2"},
				"south": {"uv": [15.25, 10.5, 16, 12], "rotation": 180, "texture": "#2"},
				"west": {"uv": [16, 16, 15.25, 12.5], "rotation": 90, "texture": "#2"},
				"up": {"uv": [16, 12.5, 15.25, 16], "texture": "#2"},
				"down": {"uv": [15.25, 16, 16, 12.5], "texture": "#2"}
			}
		},
		{
			"from": [3, -3, -4],
			"to": [8, 2, -2],
			"rotation": {"angle": 45, "axis": "x", "origin": [1.75, 3, 8]},
			"faces": {
				"north": {"uv": [14, 12.5, 15.25, 15], "texture": "#2"},
				"east": {"uv": [14, 16, 15.25, 15], "rotation": 90, "texture": "#2"},
				"south": {"uv": [14, 10, 15.25, 12.5], "texture": "#2"},
				"west": {"uv": [14, 15, 15.25, 16], "rotation": 90, "texture": "#2"},
				"up": {"uv": [15.25, 16, 14, 15], "texture": "#2"},
				"down": {"uv": [15.25, 15, 14, 16], "texture": "#2"}
			}
		},
		{
			"from": [4, -2, -5],
			"to": [7, 1, -4],
			"rotation": {"angle": 45, "axis": "x", "origin": [1.75, 3, 8]},
			"faces": {
				"north": {"uv": [13.25, 14, 14, 15.5], "texture": "#2"},
				"east": {"uv": [13.25, 15.5, 14, 16], "rotation": 90, "texture": "#2"},
				"south": {"uv": [13.25, 14, 14, 15.5], "texture": "#2"},
				"west": {"uv": [13.25, 15.5, 14, 16], "rotation": 90, "texture": "#2"},
				"up": {"uv": [14, 16, 13.25, 15.5], "texture": "#2"},
				"down": {"uv": [14, 15.5, 13.25, 16], "texture": "#2"}
			}
		},
		{
			"from": [5, -1, -6],
			"to": [6, 0, -5],
			"rotation": {"angle": 45, "axis": "x", "origin": [1.75, 3, 8]},
			"faces": {
				"north": {"uv": [13, 15.5, 13.25, 16], "texture": "#2"},
				"east": {"uv": [13, 15.5, 13.25, 16], "texture": "#2"},
				"south": {"uv": [13, 15.5, 13.25, 16], "texture": "#2"},
				"west": {"uv": [13, 15.5, 13.25, 16], "texture": "#2"},
				"up": {"uv": [13.25, 16, 13, 15.5], "texture": "#2"},
				"down": {"uv": [13.25, 15.5, 13, 16], "texture": "#2"}
			}
		},
		{
			"from": [5, 5, 5.75],
			"to": [7, 7, 6.75],
			"rotation": {"angle": 22.5, "axis": "x", "origin": [0, 2.5, 7.5]},
			"faces": {
				"north": {"uv": [11.25, 15, 11.75, 16], "rotation": 90, "texture": "#2"},
				"east": {"uv": [11, 14.5, 11.5, 15], "rotation": 90, "texture": "#2"},
				"south": {"uv": [10.5, 15, 11, 16], "rotation": 270, "texture": "#2"},
				"west": {"uv": [10.5, 14.5, 11, 15], "rotation": 90, "texture": "#2"},
				"up": {"uv": [10.25, 15, 10.5, 16], "rotation": 270, "texture": "#2"},
				"down": {"uv": [11, 15, 11.25, 16], "rotation": 270, "texture": "#2"}
			}
		},
		{
			"from": [4.5, 5.5, 6.25],
			"to": [5.5, 6.5, 6.25],
			"rotation": {"angle": 22.5, "axis": "x", "origin": [0, 2.5, 7.5]},
			"faces": {
				"north": {"uv": [10, 15, 10.25, 15.5], "rotation": 90, "texture": "#2"},
				"east": {"uv": [10, 12.5, 10.25, 12.5], "rotation": 90, "texture": "#2"},
				"south": {"uv": [10, 15, 10.25, 15.5], "rotation": 270, "texture": "#2"},
				"west": {"uv": [10, 12.5, 10.25, 12.5], "rotation": 90, "texture": "#2"},
				"up": {"uv": [10, 12.5, 10, 13], "rotation": 270, "texture": "#2"},
				"down": {"uv": [10, 12.5, 10, 13], "rotation": 270, "texture": "#2"}
			}
		},
		{
			"from": [2.5, 5, 6.25],
			"to": [4.5, 7, 6.25],
			"rotation": {"angle": 22.5, "axis": "x", "origin": [0, 2.5, 7.5]},
			"faces": {
				"north": {"uv": [12.75, 16, 11.75, 14], "rotation": 270, "texture": "#2"},
				"east": {"uv": [0, 0, 1, 2], "rotation": 270, "texture": "#2"},
				"south": {"uv": [12.75, 14, 11.75, 16], "rotation": 270, "texture": "#2"},
				"west": {"uv": [0, 0, 1, 2], "rotation": 270, "texture": "#2"},
				"up": {"uv": [0, 0, 1, 2], "rotation": 270, "texture": "#2"},
				"down": {"uv": [0, 0, 1, 2], "rotation": 270, "texture": "#2"}
			}
		},
		{
			"from": [3, 7, 5.75],
			"to": [5, 8, 5.75],
			"rotation": {"angle": 22.5, "axis": "x", "origin": [0, 2.5, 7.5]},
			"faces": {
				"north": {"uv": [9, 15, 9.25, 16], "rotation": 90, "texture": "#2"},
				"east": {"uv": [10, 12.5, 10.25, 12.5], "rotation": 90, "texture": "#2"},
				"south": {"uv": [9, 15, 9.25, 16], "rotation": 270, "texture": "#2"},
				"west": {"uv": [10, 12.5, 10.25, 12.5], "rotation": 90, "texture": "#2"},
				"up": {"uv": [10, 12.5, 10, 13.5], "rotation": 270, "texture": "#2"},
				"down": {"uv": [10, 12.5, 10, 13.5], "rotation": 270, "texture": "#2"}
			}
		},
		{
			"from": [3, 7, 5.75],
			"to": [3, 8, 6.75],
			"rotation": {"angle": 22.5, "axis": "x", "origin": [0, 2.5, 7.5]},
			"faces": {
				"north": {"uv": [8.75, 13, 9, 13], "rotation": 90, "texture": "#2"},
				"east": {"uv": [9, 14, 9.25, 14.5], "rotation": 90, "texture": "#2"},
				"south": {"uv": [9, 15.5, 9.25, 15.5], "rotation": 270, "texture": "#2"},
				"west": {"uv": [9, 14, 9.25, 14.5], "rotation": 90, "texture": "#2"},
				"up": {"uv": [10, 12.5, 10.25, 12.5], "rotation": 270, "texture": "#2"},
				"down": {"uv": [10, 12.5, 10.25, 12.5], "rotation": 270, "texture": "#2"}
			}
		},
		{
			"from": [5, 7, 5.75],
			"to": [5, 8, 6.75],
			"rotation": {"angle": 22.5, "axis": "x", "origin": [0, 2.5, 7.5]},
			"faces": {
				"north": {"uv": [10, 12.5, 10.25, 12.5], "rotation": 90, "texture": "#2"},
				"east": {"uv": [9, 14.5, 9.25, 15], "rotation": 90, "texture": "#2"},
				"south": {"uv": [10.25, 15, 10.5, 15], "rotation": 270, "texture": "#2"},
				"west": {"uv": [9, 14.5, 9.25, 15], "rotation": 90, "texture": "#2"},
				"up": {"uv": [10, 12.5, 10.25, 12.5], "rotation": 270, "texture": "#2"},
				"down": {"uv": [10, 12.5, 10.25, 12.5], "rotation": 270, "texture": "#2"}
			}
		},
		{
			"from": [3, 7, 6.75],
			"to": [5, 8, 6.75],
			"rotation": {"angle": 22.5, "axis": "x", "origin": [0, 2.5, 7.5]},
			"faces": {
				"north": {"uv": [9.25, 15, 9.5, 16], "rotation": 90, "texture": "#2"},
				"east": {"uv": [10, 12.5, 10.25, 12.5], "rotation": 90, "texture": "#2"},
				"south": {"uv": [9.25, 15, 9.5, 16], "rotation": 270, "texture": "#2"},
				"west": {"uv": [10, 12.5, 10.25, 12.5], "rotation": 90, "texture": "#2"},
				"up": {"uv": [10, 12.5, 10, 13.5], "rotation": 270, "texture": "#2"},
				"down": {"uv": [10, 12.5, 10, 13.5], "rotation": 270, "texture": "#2"}
			}
		},
		{
			"from": [3, 8, 5.75],
			"to": [5, 8, 6.75],
			"rotation": {"angle": 22.5, "axis": "x", "origin": [0, 2.5, 7.5]},
			"faces": {
				"north": {"uv": [10.25, 15, 10.25, 16], "rotation": 90, "texture": "#2"},
				"east": {"uv": [10, 12.5, 10, 13], "rotation": 90, "texture": "#2"},
				"south": {"uv": [10.25, 15, 10.25, 16], "rotation": 270, "texture": "#2"},
				"west": {"uv": [10, 12.5, 10, 13], "rotation": 90, "texture": "#2"},
				"up": {"uv": [8.75, 15, 9, 16], "rotation": 270, "texture": "#2"},
				"down": {"uv": [8.75, 15, 9, 16], "rotation": 270, "texture": "#2"}
			}
		}
	],
	"display": {
		"thirdperson_righthand": {
			"rotation": [0, 45, -89],
			"translation": [3.75, 0, 1]
		},
		"thirdperson_lefthand": {
			"translation": [-0.5, 5, 1]
		},
		"firstperson_righthand": {
			"rotation": [0, 35, -90],
			"translation": [4.75, 3.25, 0]
		},
		"firstperson_lefthand": {
			"rotation": [0, -55, 90],
			"translation": [-4.75, 3.25, 0]
		},
		"gui": {
			"rotation": [90, 45, -90],
			"translation": [6, -0.75, 0]
		},
		"fixed": {
			"rotation": [90, -45, 90],
			"translation": [-11.5, -2.25, -0.25],
			"scale": [2, 2, 2]
		}
	},
	"groups": [
		0,
		{
			"name": "spyglass",
			"origin": [0, 0, 0],
			"color": 0,
			"children": [1, 2, 3]
		},
		{
			"name": "stock",
			"origin": [1.8125, 1.92253, 10.0401],
			"color": 0,
			"children": [4, 5]
		},
		{
			"name": "barrel and something under barrel",
			"origin": [1.75, 3.75, 4],
			"color": 0,
			"children": [6, 7]
		},
		{
			"name": "lever",
			"origin": [1.5, 0.5, 8.001],
			"color": 0,
			"children": [8, 9, 10, 11, 12, 13]
		},
		{
			"name": "zipo",
			"origin": [8, 8, 8],
			"color": 0,
			"children": []
		},
		{
			"name": "firework",
			"origin": [8, 8, 8],
			"color": 0,
			"children": [14, 15, 16, 17, 18, 19, 20, 21, 22]
		},
		{
			"name": "lighter",
			"origin": [8, 8, 8],
			"color": 0,
			"children": [23, 24, 25, 26, 27, 28, 29, 30]
		}
	]
}