{
	"credit": "Made with Blockbench",
	"texture_size": [48, 48],
	"textures": {
		"0": "item/miner_hat",
		"particle": "item/miner_hat"
	},
	"elements": [
		{
			"from": [6, 1, 11.25],
			"to": [10, 5, 13.25],
			"faces": {
				"north": {"uv": [12.33333, 7.66667, 13.66667, 9], "texture": "#0"},
				"east": {"uv": [13.66667, 7.66667, 14.33333, 9], "texture": "#0"},
				"south": {"uv": [14.33333, 7.66667, 15.66667, 9], "texture": "#0"},
				"west": {"uv": [11.66667, 7.66667, 12.33333, 9], "texture": "#0"},
				"up": {"uv": [12.33333, 7, 13.66667, 7.66667], "texture": "#0"},
				"down": {"uv": [13.66667, 7, 15, 7.66667], "texture": "#0"}
			}
		},
		{
			"from": [2, 0, 2],
			"to": [14, 0, 14],
			"faces": {
				"north": {"uv": [0, 7, 8, 7], "texture": "#0"},
				"east": {"uv": [0, 7, 8, 7], "texture": "#0"},
				"south": {"uv": [0, 7, 8, 7], "texture": "#0"},
				"west": {"uv": [0, 7, 8, 7], "texture": "#0"},
				"up": {"uv": [11.33333, 0.66667, 15.33333, 4.66667], "texture": "#0"},
				"down": {"uv": [11.33333, 0.66667, 15.33333, 4.66667], "texture": "#0"}
			}
		},
		{
			"from": [4, 0, 4],
			"to": [12, 3, 12],
			"rotation": {"angle": 0, "axis": "y", "origin": [8, 1.5, 8]},
			"faces": {
				"north": {"uv": [8, 8, 10.66667, 9.33333], "texture": "#0"},
				"east": {"uv": [0, 8, 2.66667, 9.33333], "texture": "#0"},
				"south": {"uv": [2.66667, 8, 5.33333, 9.33333], "texture": "#0"},
				"west": {"uv": [5.33333, 8, 8, 9.33333], "texture": "#0"},
				"up": {"uv": [2.66667, 5.33333, 5.33333, 8], "rotation": 180, "texture": "#0"},
				"down": {"uv": [5.33333, 5.33333, 8, 8], "rotation": 180, "texture": "#0"}
			}
		},
		{
			"from": [4.25, 0.25, 4.25],
			"to": [11.75, 2.75, 11.75],
			"faces": {
				"north": {"uv": [2.66667, 2.66667, 5.33333, 3.66667], "texture": "#0"},
				"east": {"uv": [5.33333, 2.66667, 8, 3.66667], "texture": "#0"},
				"south": {"uv": [8, 2.66667, 10.66667, 3.66667], "texture": "#0"},
				"west": {"uv": [0, 2.66667, 2.66667, 3.66667], "texture": "#0"},
				"up": {"uv": [2.66667, 0, 5.33333, 2.66667], "texture": "#0"},
				"down": {"uv": [5.33333, 0, 8, 2.66667], "texture": "#0"}
			}
		}
	],
	"display": {
		"thirdperson_righthand": {
			"rotation": [75, -135, 0],
			"translation": [0, 2.5, 2.75],
			"scale": [0.5, 0.5, 0.5]
		},
		"thirdperson_lefthand": {
			"rotation": [75, -135, 0],
			"translation": [0, 2.5, 2.75],
			"scale": [0.5, 0.5, 0.5]
		},
		"firstperson_righthand": {
			"rotation": [0, -135, 0],
			"translation": [0, 3.5, 0],
			"scale": [0.8, 0.8, 0.8]
		},
		"firstperson_lefthand": {
			"rotation": [0, -135, 0],
			"translation": [0, 3.5, 0],
			"scale": [0.8, 0.8, 0.8]
		},
		"ground": {
			"translation": [0, 2, 0],
			"scale": [0.5, 0.5, 0.5]
		},
		"gui": {
			"rotation": [30, 45, 0],
			"translation": [0, 3, 0],
			"scale": [0.75, 0.75, 0.75]
		},
		"head": {
			"rotation": [0, -180, 0],
			"translation": [0, 16.25, 0],
			"scale": [1.825, 1.825, 1.825]
		},
		"fixed": {
			"rotation": [-90, 0, 0],
			"translation": [0, 0, -7.25]
		}
	},
	"groups": [
		{
			"name": "group",
			"origin": [0, 0, 0],
			"color": 0,
			"children": [0, 1, 2, 3]
		}
	]
}