{
	"credit": "Made with Blockbench",
	"parent": "rifle",
	"texture_size": [64, 32],
	"textures": {
		"2": "item/lever_action_rifle_textures"
	},
	"elements": [
		{
			"name": "reciever",
			"from": [7, 3, 4],
			"to": [9, 5, 8],
			"rotation": {"angle": 0, "axis": "y", "origin": [1.75, 3, 7]},
			"faces": {
				"north": {"uv": [11.25, 4.5, 11.75, 5.5], "texture": "#2"},
				"east": {"uv": [10.25, 0.5, 11.25, 1.5], "texture": "#2"},
				"south": {"uv": [10.5, 6.5, 11, 7.5], "texture": "#2"},
				"west": {"uv": [10.25, 1.5, 11.25, 2.5], "texture": "#2"},
				"up": {"uv": [10, 6.5, 9.5, 4.5], "texture": "#2"},
				"down": {"uv": [10.5, 4.5, 10, 6.5], "texture": "#2"}
			}
		},
		{
			"from": [8, 5, 4],
			"to": [8, 6, 7],
			"rotation": {"angle": 0, "axis": "y", "origin": [1.5, 4, 7]},
			"faces": {
				"north": {"uv": [8, 0, 8, 0.5], "texture": "#2"},
				"east": {"uv": [10.25, 2.5, 11, 3], "texture": "#2"},
				"south": {"uv": [8, 0, 8, 0.5], "texture": "#2"},
				"west": {"uv": [11.25, 5.5, 12, 6], "texture": "#2"},
				"up": {"uv": [8, 1.5, 8, 0], "texture": "#2"},
				"down": {"uv": [8, 0, 8, 1.5], "texture": "#2"}
			}
		},
		{
			"from": [6.9, 5.9, -1.1],
			"to": [9.1, 8.1, -1.1],
			"rotation": {"angle": 0, "axis": "y", "origin": [0, 0, 0.5]},
			"faces": {
				"north": {"uv": [1, 13, 2, 15], "rotation": 180, "texture": "#2"},
				"east": {"uv": [0, 7, 1, 13], "rotation": 270, "texture": "#2"},
				"south": {"uv": [1, 5, 2, 7], "texture": "#2"},
				"west": {"uv": [0, 7, 1, 13], "rotation": 90, "texture": "#2"},
				"up": {"uv": [0, 7, 1, 13], "rotation": 180, "texture": "#2"},
				"down": {"uv": [0, 7, 1, 13], "texture": "#2"}
			}
		},
		{
			"from": [6.9, 5.9, 5.1],
			"to": [7.1, 8.1, 5.1],
			"rotation": {"angle": 0, "axis": "y", "origin": [0, 0, 0.5]},
			"faces": {
				"north": {"uv": [0, 5, 0.5, 7], "rotation": 180, "texture": "#2"},
				"east": {"uv": [0, 7, 1, 13], "rotation": 270, "texture": "#2"},
				"south": {"uv": [0, 5, 0.5, 7], "texture": "#2"},
				"west": {"uv": [0, 7, 1, 13], "rotation": 90, "texture": "#2"},
				"up": {"uv": [0, 7, 1, 13], "rotation": 180, "texture": "#2"},
				"down": {"uv": [0, 7, 1, 13], "texture": "#2"}
			}
		},
		{
			"from": [8.9, 5.9, 5.1],
			"to": [9.1, 8.1, 5.1],
			"rotation": {"angle": 0, "axis": "y", "origin": [2, 0, 0.5]},
			"faces": {
				"north": {"uv": [0, 5, 0.5, 7], "rotation": 180, "texture": "#2"},
				"east": {"uv": [0, 7, 1, 13], "rotation": 270, "texture": "#2"},
				"south": {"uv": [1, 5, 0.5, 7], "texture": "#2"},
				"west": {"uv": [0, 7, 1, 13], "rotation": 90, "texture": "#2"},
				"up": {"uv": [0, 7, 1, 13], "rotation": 180, "texture": "#2"},
				"down": {"uv": [0, 7, 1, 13], "texture": "#2"}
			}
		},
		{
			"from": [6.9, 7.9, 5.1],
			"to": [9.1, 8.1, 5.1],
			"rotation": {"angle": 0, "axis": "y", "origin": [1, 0, 0.5]},
			"faces": {
				"north": {"uv": [0, 5, 1, 6], "rotation": 180, "texture": "#2"},
				"east": {"uv": [0, 7, 1, 13], "rotation": 270, "texture": "#2"},
				"south": {"uv": [0, 5, 1, 6], "texture": "#2"},
				"west": {"uv": [0, 7, 1, 13], "rotation": 90, "texture": "#2"},
				"up": {"uv": [0, 7, 1, 13], "rotation": 180, "texture": "#2"},
				"down": {"uv": [0, 7, 1, 13], "texture": "#2"}
			}
		},
		{
			"from": [6.9, 5.9, 5.1],
			"to": [9.1, 6.1, 5.1],
			"rotation": {"angle": 0, "axis": "y", "origin": [1, -2, 0.5]},
			"faces": {
				"north": {"uv": [0, 6, 1, 7], "rotation": 180, "texture": "#2"},
				"east": {"uv": [0, 7, 1, 13], "rotation": 270, "texture": "#2"},
				"south": {"uv": [0, 6, 1, 7], "texture": "#2"},
				"west": {"uv": [0, 7, 1, 13], "rotation": 90, "texture": "#2"},
				"up": {"uv": [0, 7, 1, 13], "rotation": 180, "texture": "#2"},
				"down": {"uv": [0, 7, 1, 13], "texture": "#2"}
			}
		},
		{
			"from": [6.9, 8.1, -1.1],
			"to": [9.1, 8.1, 5.1],
			"rotation": {"angle": 0, "axis": "y", "origin": [0, 0, 0.5]},
			"faces": {
				"north": {"uv": [0, 13, 1, 15], "rotation": 180, "texture": "#2"},
				"east": {"uv": [0, 7, 1, 13], "rotation": 270, "texture": "#2"},
				"south": {"uv": [0, 5, 1, 7], "texture": "#2"},
				"west": {"uv": [0, 7, 1, 13], "rotation": 90, "texture": "#2"},
				"up": {"uv": [0, 7, 1, 13], "rotation": 180, "texture": "#2"},
				"down": {"uv": [0, 7, 1, 13], "texture": "#2"}
			}
		},
		{
			"from": [9.1, 5.9, -1.1],
			"to": [9.1, 8.1, 5.1],
			"rotation": {"angle": 0, "axis": "y", "origin": [0, 0, 0.5]},
			"faces": {
				"north": {"uv": [0, 13, 1, 15], "rotation": 180, "texture": "#2"},
				"east": {"uv": [0, 7, 1, 13], "rotation": 270, "texture": "#2"},
				"south": {"uv": [0, 5, 1, 7], "texture": "#2"},
				"west": {"uv": [0, 7, 1, 13], "rotation": 90, "texture": "#2"},
				"up": {"uv": [0, 7, 1, 13], "rotation": 180, "texture": "#2"},
				"down": {"uv": [0, 7, 1, 13], "texture": "#2"}
			}
		},
		{
			"from": [6.9, 5.9, -1.1],
			"to": [9.1, 5.9, 5.1],
			"rotation": {"angle": 0, "axis": "y", "origin": [0, 0, 0.5]},
			"faces": {
				"north": {"uv": [0, 13, 1, 15], "rotation": 180, "texture": "#2"},
				"east": {"uv": [0, 7, 1, 13], "rotation": 270, "texture": "#2"},
				"south": {"uv": [0, 5, 1, 7], "texture": "#2"},
				"west": {"uv": [0, 7, 1, 13], "rotation": 90, "texture": "#2"},
				"up": {"uv": [0, 7, 1, 13], "rotation": 180, "texture": "#2"},
				"down": {"uv": [0, 7, 1, 13], "texture": "#2"}
			}
		},
		{
			"from": [6.9, 5.9, -1.1],
			"to": [6.9, 8.1, 5.1],
			"rotation": {"angle": 0, "axis": "y", "origin": [0, 0, 0.5]},
			"faces": {
				"north": {"uv": [0, 13, 1, 15], "rotation": 180, "texture": "#2"},
				"east": {"uv": [0, 7, 1, 13], "rotation": 270, "texture": "#2"},
				"south": {"uv": [0, 5, 1, 7], "texture": "#2"},
				"west": {"uv": [0, 7, 1, 13], "rotation": 90, "texture": "#2"},
				"up": {"uv": [0, 7, 1, 13], "rotation": 180, "texture": "#2"},
				"down": {"uv": [0, 7, 1, 13], "texture": "#2"}
			}
		},
		{
			"from": [7, 8, 5],
			"to": [9, 8, 10],
			"rotation": {"angle": 0, "axis": "y", "origin": [0, 0, 0.5]},
			"faces": {
				"north": {"uv": [0, 0, 0, 0], "rotation": 180, "texture": "#2"},
				"east": {"uv": [0, 2, 1, 7], "rotation": 270, "texture": "#2"},
				"south": {"uv": [0, 0, 1, 2], "texture": "#2"},
				"west": {"uv": [0, 2, 1, 7], "rotation": 90, "texture": "#2"},
				"up": {"uv": [0, 2, 1, 7], "rotation": 180, "texture": "#2"},
				"down": {"uv": [0, 2, 1, 7], "texture": "#2"}
			}
		},
		{
			"from": [9, 6, 5],
			"to": [9, 8, 10],
			"rotation": {"angle": 0, "axis": "y", "origin": [0, 0, 0.5]},
			"faces": {
				"north": {"uv": [0, 0, 0, 0], "rotation": 180, "texture": "#2"},
				"east": {"uv": [0, 2, 1, 7], "rotation": 270, "texture": "#2"},
				"south": {"uv": [0, 0, 1, 2], "texture": "#2"},
				"west": {"uv": [0, 2, 1, 7], "rotation": 90, "texture": "#2"},
				"up": {"uv": [0, 2, 1, 7], "rotation": 180, "texture": "#2"},
				"down": {"uv": [0, 2, 1, 7], "texture": "#2"}
			}
		},
		{
			"from": [7, 6, 10],
			"to": [9, 8, 10],
			"rotation": {"angle": 0, "axis": "y", "origin": [0, 0, 0.5]},
			"faces": {
				"north": {"uv": [0, 0, 0, 0], "rotation": 180, "texture": "#2"},
				"east": {"uv": [0, 2, 1, 7], "rotation": 270, "texture": "#2"},
				"south": {"uv": [1, 0, 2, 2], "texture": "#2"},
				"west": {"uv": [0, 2, 1, 7], "rotation": 90, "texture": "#2"},
				"up": {"uv": [0, 2, 1, 7], "rotation": 180, "texture": "#2"},
				"down": {"uv": [0, 2, 1, 7], "texture": "#2"}
			}
		},
		{
			"from": [7, 6, 5],
			"to": [9, 6, 10],
			"rotation": {"angle": 0, "axis": "y", "origin": [0, 0, 0.5]},
			"faces": {
				"north": {"uv": [0, 0, 0, 0], "rotation": 180, "texture": "#2"},
				"east": {"uv": [0, 2, 1, 7], "rotation": 270, "texture": "#2"},
				"south": {"uv": [0, 0, 1, 2], "texture": "#2"},
				"west": {"uv": [0, 2, 1, 7], "rotation": 90, "texture": "#2"},
				"up": {"uv": [0, 2, 1, 7], "rotation": 180, "texture": "#2"},
				"down": {"uv": [0, 2, 1, 7], "texture": "#2"}
			}
		},
		{
			"from": [7, 6, 5],
			"to": [7, 8, 10],
			"rotation": {"angle": 0, "axis": "y", "origin": [0, 0, 0.5]},
			"faces": {
				"north": {"uv": [0, 0, 0, 0], "rotation": 180, "texture": "#2"},
				"east": {"uv": [0, 2, 1, 7], "rotation": 270, "texture": "#2"},
				"south": {"uv": [0, 0, 1, 2], "texture": "#2"},
				"west": {"uv": [0, 2, 1, 7], "rotation": 90, "texture": "#2"},
				"up": {"uv": [0, 2, 1, 7], "rotation": 180, "texture": "#2"},
				"down": {"uv": [0, 2, 1, 7], "texture": "#2"}
			}
		},
		{
			"from": [7.1875, 1.84087, 10.07392],
			"to": [8.8125, 4.96587, 15.19892],
			"rotation": {"angle": 0, "axis": "x", "origin": [1.8125, 1.90337, 13.13642]},
			"faces": {
				"north": {"uv": [9, 6.5, 9.5, 8], "texture": "#2"},
				"east": {"uv": [9, 0, 10.25, 1.5], "texture": "#2"},
				"south": {"uv": [9.5, 6.5, 10, 8], "texture": "#2"},
				"west": {"uv": [9, 1.5, 10.25, 3], "texture": "#2"},
				"up": {"uv": [9, 6.5, 8.5, 4], "texture": "#2"},
				"down": {"uv": [9.5, 4, 9, 6.5], "texture": "#2"}
			}
		},
		{
			"from": [7.1885, 1.86103, 6.9786],
			"to": [8.8115, 3.98403, 10.1016],
			"rotation": {"angle": 22.5, "axis": "x", "origin": [1.8125, 1.92253, 10.0401]},
			"faces": {
				"north": {"uv": [11.25, 2, 11.75, 3], "texture": "#2"},
				"east": {"uv": [10.5, 4.5, 11.25, 5.5], "texture": "#2"},
				"south": {"uv": [10, 6.5, 10.5, 7.5], "texture": "#2"},
				"west": {"uv": [10.5, 5.5, 11.25, 6.5], "texture": "#2"},
				"up": {"uv": [11.75, 2, 11.25, 0.5], "texture": "#2"},
				"down": {"uv": [9, 6.5, 8.5, 8], "texture": "#2"}
			}
		},
		{
			"name": "barrel",
			"from": [7.89645, 3.75, -9.755],
			"to": [8.95711, 4.81066, 4],
			"rotation": {"angle": 45, "axis": "z", "origin": [8.25, 3.75, 4.56125]},
			"faces": {
				"north": {"uv": [11, 2.5, 11.25, 3], "texture": "#2"},
				"east": {"uv": [9, 3, 12.5, 3.5], "texture": "#2"},
				"south": {"uv": [11.5, 4, 11.75, 4.5], "texture": "#2"},
				"west": {"uv": [9, 3.5, 12.5, 4], "texture": "#2"},
				"up": {"uv": [8.25, 11, 8, 4], "texture": "#2"},
				"down": {"uv": [8.5, 4, 8.25, 11], "texture": "#2"}
			}
		},
		{
			"name": "something under barrel",
			"from": [7.25, 3, -4],
			"to": [8.75, 4.25, 4],
			"rotation": {"angle": 0, "axis": "y", "origin": [1.75, 3.75, 4]},
			"faces": {
				"north": {"uv": [11, 6.5, 11.5, 7], "texture": "#2"},
				"east": {"uv": [9.5, 4, 11.5, 4.5], "texture": "#2"},
				"south": {"uv": [11.25, 6, 11.75, 6.5], "texture": "#2"},
				"west": {"uv": [10.25, 0, 12.25, 0.5], "texture": "#2"},
				"up": {"uv": [8.5, 4, 8, 0], "texture": "#2"},
				"down": {"uv": [9, 0, 8.5, 4], "texture": "#2"}
			}
		},
		{
			"from": [7.5, 1.5, 6.501],
			"to": [8.5, 1.5, 8.501],
			"rotation": {"angle": 22.5, "axis": "x", "origin": [1.5, 0.5, 8.001]},
			"faces": {
				"north": {"uv": [8, 0, 8.25, 0], "texture": "#2"},
				"east": {"uv": [8, 0, 8.5, 0], "texture": "#2"},
				"south": {"uv": [8, 0, 8.25, 0], "texture": "#2"},
				"west": {"uv": [8, 0, 8.5, 0], "texture": "#2"},
				"up": {"uv": [11.75, 7.5, 11.5, 6.5], "texture": "#2"},
				"down": {"uv": [12, 0.5, 11.75, 1.5], "texture": "#2"}
			}
		},
		{
			"from": [7.5, 2, 6],
			"to": [8.5, 3, 6],
			"rotation": {"angle": 0, "axis": "y", "origin": [1.5, 1, 8]},
			"faces": {
				"north": {"uv": [11.75, 1.5, 12, 2], "texture": "#2"},
				"east": {"uv": [8, 0, 8, 0.5], "texture": "#2"},
				"south": {"uv": [11.75, 2, 12, 2.5], "texture": "#2"},
				"west": {"uv": [8, 0, 8, 0.5], "texture": "#2"},
				"up": {"uv": [8.25, 0, 8, 0], "texture": "#2"},
				"down": {"uv": [8.25, 0, 8, 0], "texture": "#2"}
			}
		},
		{
			"from": [7.5, 1.69134, 8.53906],
			"to": [8.5, 2.69134, 8.53906],
			"rotation": {"angle": 22.5, "axis": "x", "origin": [1.5, 0.69134, 7.53906]},
			"faces": {
				"north": {"uv": [11.75, 2.5, 12, 3], "texture": "#2"},
				"east": {"uv": [8, 0, 8, 0.5], "texture": "#2"},
				"south": {"uv": [10, 7.5, 10.25, 8], "texture": "#2"},
				"west": {"uv": [8, 0, 8, 0.5], "texture": "#2"},
				"up": {"uv": [8.25, 0, 8, 0], "texture": "#2"},
				"down": {"uv": [8.25, 0, 8, 0], "texture": "#2"}
			}
		},
		{
			"from": [7.5, 1.69134, 6.53906],
			"to": [8.5, 2.69134, 6.53906],
			"rotation": {"angle": 22.5, "axis": "x", "origin": [1.5, 0.69134, 7.53906]},
			"faces": {
				"north": {"uv": [11.75, 4, 12, 4.5], "texture": "#2"},
				"east": {"uv": [8, 0, 8, 0.5], "texture": "#2"},
				"south": {"uv": [10.25, 7.5, 10.5, 8], "texture": "#2"},
				"west": {"uv": [8, 0, 8, 0.5], "texture": "#2"},
				"up": {"uv": [8.25, 0, 8, 0], "texture": "#2"},
				"down": {"uv": [8.25, 0, 8, 0], "texture": "#2"}
			}
		},
		{
			"from": [7.5, 2, 6.001],
			"to": [8.5, 2, 7.001],
			"rotation": {"angle": 0, "axis": "x", "origin": [1.5, 0, 8.001]},
			"faces": {
				"north": {"uv": [8, 0, 8.25, 0], "texture": "#2"},
				"east": {"uv": [8, 0, 8.25, 0], "texture": "#2"},
				"south": {"uv": [8, 0, 8.25, 0], "texture": "#2"},
				"west": {"uv": [8, 0, 8.25, 0], "texture": "#2"},
				"up": {"uv": [12, 5, 11.75, 4.5], "texture": "#2"},
				"down": {"uv": [10.75, 7.5, 10.5, 8], "texture": "#2"}
			}
		},
		{
			"from": [7.5, 2.5, 6.501],
			"to": [8.5, 2.5, 8.501],
			"rotation": {"angle": 22.5, "axis": "x", "origin": [1.5, 0.5, 8.001]},
			"faces": {
				"north": {"uv": [8, 0, 8.25, 0], "texture": "#2"},
				"east": {"uv": [8, 0, 8.5, 0], "texture": "#2"},
				"south": {"uv": [8, 0, 8.25, 0], "texture": "#2"},
				"west": {"uv": [8, 0, 8.5, 0], "texture": "#2"},
				"up": {"uv": [11.25, 8, 11, 7], "texture": "#2"},
				"down": {"uv": [11.5, 7, 11.25, 8], "texture": "#2"}
			}
		}
	],
	"display": {
		"thirdperson_righthand": {
			"translation": [-1.25, 5, 1]
		},
		"thirdperson_lefthand": {
			"translation": [-0.5, 5, 1]
		},
		"firstperson_righthand": {
			"rotation": [0, -10, 0],
			"translation": [0.25, 7.75, 6]
		},
		"firstperson_lefthand": {
			"rotation": [0, -10, 0],
			"translation": [0.25, 7.75, 6]
		},
		"gui": {
			"rotation": [90, 45, -90],
			"translation": [6, -0.75, 0]
		},
		"fixed": {
			"rotation": [90, -45, 90],
			"translation": [-11.5, -2.25, -0.25],
			"scale": [2, 2, 2]
		}
	},
	"groups": [
		0,
		{
			"name": "spyglass",
			"origin": [0, 0, 0],
			"color": 0,
			"children": [1, 2, 3, 4, 5, 6, 7, 8, 9, 10, 11, 12, 13, 14, 15]
		},
		{
			"name": "stock",
			"origin": [1.8125, 1.92253, 10.0401],
			"color": 0,
			"children": [16, 17]
		},
		{
			"name": "barrel and something under barrel",
			"origin": [1.75, 3.75, 4],
			"color": 0,
			"children": [18, 19]
		},
		{
			"name": "lever",
			"origin": [1.5, 0.5, 8.001],
			"color": 0,
			"children": [20, 21, 22, 23, 24, 25]
		}
	]
}