{
	"credit": "Made with Blockbench",
	"texture_size": [64, 32],
	"textures": {
		"0": "entity/skeleton/fallen_skeleton",
		"particle": "entity/skeleton/fallen_skeleton"
	},
	"elements": [
		{
			"name": "headwear",
			"from": [3.5, -2.5, 11.5],
			"to": [12.5, 6.5, 20.5],
			"rotation": {"angle": -45, "axis": "x", "origin": [8, 2, 12]},
			"faces": {
				"north": {"uv": [14, 4, 12, 0], "rotation": 180, "texture": "#0"},
				"east": {"uv": [10, 4, 8, 8], "rotation": 270, "texture": "#0"},
				"south": {"uv": [12, 0, 10, 4], "texture": "#0"},
				"west": {"uv": [14, 4, 12, 8], "rotation": 90, "texture": "#0"},
				"up": {"uv": [14, 8, 16, 4], "texture": "#0"},
				"down": {"uv": [10, 8, 12, 4], "rotation": 180, "texture": "#0"}
			}
		},
		{
			"name": "head",
			"from": [4, 2, 16],
			"to": [12, 10, 16],
			"rotation": {"angle": 45, "axis": "x", "origin": [8, 2, 12]},
			"faces": {
				"north": {"uv": [2, 4, 4, 8], "texture": "#0"},
				"east": {"uv": [4, 4, 6, 8], "texture": "#0"},
				"south": {"uv": [2, 4, 4, 8], "texture": "#0"},
				"west": {"uv": [0, 4, 2, 8], "texture": "#0"},
				"up": {"uv": [4, 4, 2, 0], "rotation": 180, "texture": "#0"},
				"down": {"uv": [6, 0, 4, 4], "rotation": 180, "texture": "#0"}
			}
		},
		{
			"name": "head",
			"from": [4, 2, 8],
			"to": [12, 10, 8],
			"rotation": {"angle": 45, "axis": "x", "origin": [8, 2, 12]},
			"faces": {
				"north": {"uv": [6, 4, 8, 8], "texture": "#0"},
				"east": {"uv": [4, 4, 6, 8], "texture": "#0"},
				"south": {"uv": [6, 4, 8, 8], "texture": "#0"},
				"west": {"uv": [0, 4, 2, 8], "texture": "#0"},
				"up": {"uv": [4, 4, 2, 0], "rotation": 180, "texture": "#0"},
				"down": {"uv": [6, 0, 4, 4], "rotation": 180, "texture": "#0"}
			}
		},
		{
			"name": "head",
			"from": [12, 2, 8],
			"to": [12, 10, 16],
			"rotation": {"angle": 45, "axis": "x", "origin": [8, 2, 12]},
			"faces": {
				"north": {"uv": [6, 4, 8, 8], "texture": "#0"},
				"east": {"uv": [4, 4, 6, 8], "texture": "#0"},
				"south": {"uv": [2, 4, 4, 8], "texture": "#0"},
				"west": {"uv": [0, 4, 2, 8], "texture": "#0"},
				"up": {"uv": [4, 4, 2, 0], "rotation": 180, "texture": "#0"},
				"down": {"uv": [6, 0, 4, 4], "rotation": 180, "texture": "#0"}
			}
		},
		{
			"name": "head",
			"from": [4, 2, 8],
			"to": [4, 10, 16],
			"rotation": {"angle": 45, "axis": "x", "origin": [8, 2, 12]},
			"faces": {
				"north": {"uv": [6, 4, 8, 8], "texture": "#0"},
				"east": {"uv": [4, 4, 6, 8], "texture": "#0"},
				"south": {"uv": [2, 4, 4, 8], "texture": "#0"},
				"west": {"uv": [0, 4, 2, 8], "texture": "#0"},
				"up": {"uv": [4, 4, 2, 0], "rotation": 180, "texture": "#0"},
				"down": {"uv": [6, 0, 4, 4], "rotation": 180, "texture": "#0"}
			}
		},
		{
			"name": "head",
			"from": [4, 2, 8],
			"to": [12, 2, 16],
			"rotation": {"angle": 45, "axis": "x", "origin": [8, 2, 12]},
			"faces": {
				"north": {"uv": [6, 4, 8, 8], "texture": "#0"},
				"east": {"uv": [4, 4, 6, 8], "texture": "#0"},
				"south": {"uv": [2, 4, 4, 8], "texture": "#0"},
				"west": {"uv": [0, 4, 2, 8], "texture": "#0"},
				"up": {"uv": [6, 4, 4, 0], "rotation": 180, "texture": "#0"},
				"down": {"uv": [6, 0, 4, 4], "rotation": 180, "texture": "#0"}
			}
		},
		{
			"name": "head",
			"from": [4, 10, 8],
			"to": [12, 10, 16],
			"rotation": {"angle": 45, "axis": "x", "origin": [8, 2, 12]},
			"faces": {
				"north": {"uv": [6, 4, 8, 8], "texture": "#0"},
				"east": {"uv": [4, 4, 6, 8], "texture": "#0"},
				"south": {"uv": [2, 4, 4, 8], "texture": "#0"},
				"west": {"uv": [0, 4, 2, 8], "texture": "#0"},
				"up": {"uv": [4, 4, 2, 0], "rotation": 180, "texture": "#0"},
				"down": {"uv": [4, 0, 2, 4], "rotation": 180, "texture": "#0"}
			}
		},
		{
			"name": "body",
			"from": [4, 4, 0],
			"to": [12, 4, 12],
			"rotation": {"angle": 0, "axis": "z", "origin": [8, 2, 6]},
			"faces": {
				"north": {"uv": [9, 8, 7, 10], "texture": "#0"},
				"east": {"uv": [7, 10, 8, 16], "rotation": 270, "texture": "#0"},
				"south": {"uv": [7, 10, 5, 8], "rotation": 180, "texture": "#0"},
				"west": {"uv": [4, 10, 5, 16], "rotation": 90, "texture": "#0"},
				"up": {"uv": [8, 10, 10, 16], "rotation": 180, "texture": "#0"},
				"down": {"uv": [8, 10, 10, 16], "texture": "#0"}
			}
		},
		{
			"name": "body",
			"from": [4, 0, 0],
			"to": [12, 0, 12],
			"rotation": {"angle": 0, "axis": "z", "origin": [8, 2, 6]},
			"faces": {
				"north": {"uv": [9, 8, 7, 10], "texture": "#0"},
				"east": {"uv": [7, 10, 8, 16], "rotation": 270, "texture": "#0"},
				"south": {"uv": [7, 10, 5, 8], "rotation": 180, "texture": "#0"},
				"west": {"uv": [4, 10, 5, 16], "rotation": 90, "texture": "#0"},
				"up": {"uv": [5, 10, 7, 16], "rotation": 180, "texture": "#0"},
				"down": {"uv": [5, 10, 7, 16], "texture": "#0"}
			}
		},
		{
			"name": "body",
			"from": [4, 0, 0],
			"to": [12, 4, 0],
			"rotation": {"angle": 0, "axis": "z", "origin": [8, 2, 6]},
			"faces": {
				"north": {"uv": [9, 8, 7, 10], "texture": "#0"},
				"east": {"uv": [7, 10, 8, 16], "rotation": 270, "texture": "#0"},
				"south": {"uv": [9, 10, 7, 8], "rotation": 180, "texture": "#0"},
				"west": {"uv": [4, 10, 5, 16], "rotation": 90, "texture": "#0"},
				"up": {"uv": [8, 10, 10, 16], "rotation": 180, "texture": "#0"},
				"down": {"uv": [5, 10, 7, 16], "texture": "#0"}
			}
		},
		{
			"name": "body",
			"from": [4, 0, 12],
			"to": [12, 4, 12],
			"rotation": {"angle": 0, "axis": "z", "origin": [8, 2, 6]},
			"faces": {
				"north": {"uv": [7, 8, 5, 10], "texture": "#0"},
				"east": {"uv": [7, 10, 8, 16], "rotation": 270, "texture": "#0"},
				"south": {"uv": [7, 10, 5, 8], "rotation": 180, "texture": "#0"},
				"west": {"uv": [4, 10, 5, 16], "rotation": 90, "texture": "#0"},
				"up": {"uv": [8, 10, 10, 16], "rotation": 180, "texture": "#0"},
				"down": {"uv": [5, 10, 7, 16], "texture": "#0"}
			}
		},
		{
			"name": "body",
			"from": [12, 0, 0],
			"to": [12, 4, 12],
			"rotation": {"angle": 0, "axis": "z", "origin": [8, 2, 6]},
			"faces": {
				"north": {"uv": [9, 8, 7, 10], "texture": "#0"},
				"east": {"uv": [7, 10, 8, 16], "rotation": 270, "texture": "#0"},
				"south": {"uv": [7, 10, 5, 8], "rotation": 180, "texture": "#0"},
				"west": {"uv": [4, 10, 5, 16], "rotation": 90, "texture": "#0"},
				"up": {"uv": [8, 10, 10, 16], "rotation": 180, "texture": "#0"},
				"down": {"uv": [5, 10, 7, 16], "texture": "#0"}
			}
		},
		{
			"name": "body",
			"from": [4, 0, 0],
			"to": [4, 4, 12],
			"rotation": {"angle": 0, "axis": "z", "origin": [8, 2, 6]},
			"faces": {
				"north": {"uv": [9, 8, 7, 10], "texture": "#0"},
				"east": {"uv": [7, 10, 8, 16], "rotation": 270, "texture": "#0"},
				"south": {"uv": [7, 10, 5, 8], "rotation": 180, "texture": "#0"},
				"west": {"uv": [4, 10, 5, 16], "rotation": 90, "texture": "#0"},
				"up": {"uv": [8, 10, 10, 16], "rotation": 180, "texture": "#0"},
				"down": {"uv": [5, 10, 7, 16], "texture": "#0"}
			}
		},
		{
			"name": "left_arm",
			"from": [-8, 1, 10],
			"to": [4, 3, 12],
			"rotation": {"angle": 22.5, "axis": "y", "origin": [4, 2, 12]},
			"faces": {
				"north": {"uv": [10, 9, 10.5, 15], "rotation": 270, "texture": "#0"},
				"east": {"uv": [10.5, 8, 11, 9], "rotation": 180, "texture": "#0"},
				"south": {"uv": [11, 9, 11.5, 15], "rotation": 90, "texture": "#0"},
				"west": {"uv": [11, 9, 11.5, 8], "texture": "#0"},
				"up": {"uv": [11, 15, 10.5, 9], "rotation": 270, "texture": "#0"},
				"down": {"uv": [12, 15, 11.5, 9], "rotation": 270, "texture": "#0"}
			}
		},
		{
			"name": "right_arm",
			"from": [12, 1, 12],
			"to": [14, 3, 24],
			"rotation": {"angle": 45, "axis": "y", "origin": [12, 2, 12]},
			"faces": {
				"north": {"uv": [11, 8, 10.5, 9], "rotation": 180, "texture": "#0"},
				"east": {"uv": [10.5, 9, 10, 15], "rotation": 90, "texture": "#0"},
				"south": {"uv": [11.5, 9, 11, 8], "texture": "#0"},
				"west": {"uv": [11.5, 9, 11, 15], "rotation": 270, "texture": "#0"},
				"up": {"uv": [10.5, 15, 11, 9], "rotation": 180, "texture": "#0"},
				"down": {"uv": [11.5, 15, 12, 9], "texture": "#0"}
			}
		},
		{
			"name": "left_leg",
			"from": [5, 1, -12],
			"to": [7, 3, 0],
			"rotation": {"angle": 45, "axis": "y", "origin": [6, 2, 0]},
			"faces": {
				"north": {"uv": [1, 9, 1.5, 8], "rotation": 180, "texture": "#0"},
				"east": {"uv": [1, 9, 1.5, 15], "rotation": 270, "texture": "#0"},
				"south": {"uv": [0.5, 8, 1, 9], "texture": "#0"},
				"west": {"uv": [0, 9, 0.5, 15], "rotation": 90, "texture": "#0"},
				"up": {"uv": [2, 15, 1.5, 9], "texture": "#0"},
				"down": {"uv": [1, 15, 0.5, 9], "rotation": 180, "texture": "#0"}
			}
		},
		{
			"name": "right_leg",
			"from": [9, 1, -12],
			"to": [11, 3, 0],
			"rotation": {"angle": -22.5, "axis": "y", "origin": [10, 2, 0]},
			"faces": {
				"north": {"uv": [1.5, 9, 1, 8], "rotation": 180, "texture": "#0"},
				"east": {"uv": [0.5, 9, 0, 15], "rotation": 270, "texture": "#0"},
				"south": {"uv": [1, 8, 0.5, 9], "texture": "#0"},
				"west": {"uv": [1.5, 9, 1, 15], "rotation": 90, "texture": "#0"},
				"up": {"uv": [1.5, 15, 2, 9], "texture": "#0"},
				"down": {"uv": [0.5, 15, 1, 9], "rotation": 180, "texture": "#0"}
			}
		}
	],
	"display": {
		"thirdperson_righthand": {
			"rotation": [75, 45, 0],
			"translation": [0, 2.5, 0],
			"scale": [0.375, 0.375, 0.375]
		},
		"thirdperson_lefthand": {
			"rotation": [75, 45, 0],
			"translation": [0, 2.5, 0],
			"scale": [0.375, 0.375, 0.375]
		},
		"firstperson_righthand": {
			"rotation": [0, -135, 0],
			"translation": [0, 3, 0],
			"scale": [0.4, 0.4, 0.4]
		},
		"firstperson_lefthand": {
			"rotation": [0, -135, 0],
			"translation": [0, 3, 0],
			"scale": [0.4, 0.4, 0.4]
		},
		"gui": {
			"rotation": [30, 225, 0],
			"translation": [-1, 0, 0],
			"scale": [0.625, 0.625, 0.625]
		},
		"fixed": {
			"rotation": [-90, 0, 0],
			"translation": [0, 0, -16.0625],
			"scale": [2, 2, 2]
		}
	},
	"groups": [
		{
			"name": "skeleton",
			"origin": [0, 0, 0],
			"color": 0,
			"children": [
				{
					"name": "head",
					"origin": [8, 2, 12],
					"color": 0,
					"children": [
						0,
						{
							"name": "head_interior",
							"origin": [8, 2, 12],
							"color": 0,
							"children": [1, 2, 3, 4, 5, 6]
						}
					]
				},
				{
					"name": "body_interior",
					"origin": [8, 17, 6],
					"color": 0,
					"children": [7, 8, 9, 10, 11, 12]
				},
				13,
				14,
				15,
				16
			]
		}
	]
}