{
	"credit": "Made with Blockbench",
	"texture_size": [64, 32],
	"textures": {
		"0": "entity/skeleton/fallen_skeleton",
		"particle": "entity/skeleton/fallen_skeleton"
	},
	"elements": [
		{
			"name": "headwear",
			"from": [3.5, 12, 7.50029],
			"to": [12.5, 21, 16.50029],
			"rotation": {"angle": -45, "axis": "x", "origin": [8, 15.00029, 12.00029]},
			"faces": {
				"north": {"uv": [10, 4, 12, 8], "texture": "#0"},
				"east": {"uv": [8, 4, 10, 8], "texture": "#0"},
				"south": {"uv": [14, 4, 16, 8], "texture": "#0"},
				"west": {"uv": [12, 4, 14, 8], "texture": "#0"},
				"up": {"uv": [12, 4, 10, 0], "texture": "#0"},
				"down": {"uv": [14, 0, 12, 4], "texture": "#0"}
			}
		},
		{
			"name": "head",
			"from": [4, 13, 8.00029],
			"to": [12, 21, 8.00029],
			"rotation": {"angle": -45, "axis": "x", "origin": [8, 15.00029, 12.00029]},
			"faces": {
				"north": {"uv": [2, 8, 4, 4], "rotation": 180, "texture": "#0"},
				"east": {"uv": [6, 4, 4, 8], "texture": "#0"},
				"south": {"uv": [2, 8, 4, 4], "rotation": 180, "texture": "#0"},
				"west": {"uv": [2, 4, 0, 8], "texture": "#0"},
				"up": {"uv": [4, 0, 2, 4], "rotation": 180, "texture": "#0"},
				"down": {"uv": [6, 4, 4, 0], "rotation": 180, "texture": "#0"}
			}
		},
		{
			"name": "head",
			"from": [4, 13, 16.00029],
			"to": [12, 21, 16.00029],
			"rotation": {"angle": -45, "axis": "x", "origin": [8, 15.00029, 12.00029]},
			"faces": {
				"north": {"uv": [6, 8, 8, 4], "rotation": 180, "texture": "#0"},
				"east": {"uv": [6, 4, 4, 8], "texture": "#0"},
				"south": {"uv": [6, 8, 8, 4], "rotation": 180, "texture": "#0"},
				"west": {"uv": [2, 4, 0, 8], "texture": "#0"},
				"up": {"uv": [4, 0, 2, 4], "rotation": 180, "texture": "#0"},
				"down": {"uv": [6, 4, 4, 0], "rotation": 180, "texture": "#0"}
			}
		},
		{
			"name": "head",
			"from": [12, 13, 8.00029],
			"to": [12, 21, 16.00029],
			"rotation": {"angle": -45, "axis": "x", "origin": [8, 15.00029, 12.00029]},
			"faces": {
				"north": {"uv": [2, 8, 4, 4], "rotation": 180, "texture": "#0"},
				"east": {"uv": [6, 4, 4, 8], "texture": "#0"},
				"south": {"uv": [6, 8, 8, 4], "rotation": 180, "texture": "#0"},
				"west": {"uv": [2, 4, 0, 8], "texture": "#0"},
				"up": {"uv": [4, 0, 2, 4], "rotation": 180, "texture": "#0"},
				"down": {"uv": [6, 4, 4, 0], "rotation": 180, "texture": "#0"}
			}
		},
		{
			"name": "head",
			"from": [4, 13, 8.00029],
			"to": [4, 21, 16.00029],
			"rotation": {"angle": -45, "axis": "x", "origin": [8, 15.00029, 12.00029]},
			"faces": {
				"north": {"uv": [2, 8, 4, 4], "rotation": 180, "texture": "#0"},
				"east": {"uv": [6, 4, 4, 8], "texture": "#0"},
				"south": {"uv": [6, 8, 8, 4], "rotation": 180, "texture": "#0"},
				"west": {"uv": [2, 4, 0, 8], "texture": "#0"},
				"up": {"uv": [4, 0, 2, 4], "rotation": 180, "texture": "#0"},
				"down": {"uv": [6, 4, 4, 0], "rotation": 180, "texture": "#0"}
			}
		},
		{
			"name": "head",
			"from": [4, 15.00029, 8.00029],
			"to": [12, 15.00029, 16.00029],
			"rotation": {"angle": -45, "axis": "x", "origin": [8, 15.00029, 12.00029]},
			"faces": {
				"north": {"uv": [2, 8, 4, 4], "rotation": 180, "texture": "#0"},
				"east": {"uv": [6, 4, 4, 8], "texture": "#0"},
				"south": {"uv": [6, 8, 8, 4], "rotation": 180, "texture": "#0"},
				"west": {"uv": [2, 4, 0, 8], "texture": "#0"},
				"up": {"uv": [6, 0, 4, 4], "rotation": 180, "texture": "#0"},
				"down": {"uv": [6, 4, 4, 0], "rotation": 180, "texture": "#0"}
			}
		},
		{
			"name": "head",
			"from": [4, 21, 8.00029],
			"to": [12, 21, 16.00029],
			"rotation": {"angle": -45, "axis": "x", "origin": [8, 15.00029, 12.00029]},
			"faces": {
				"north": {"uv": [2, 8, 4, 4], "rotation": 180, "texture": "#0"},
				"east": {"uv": [6, 4, 4, 8], "texture": "#0"},
				"south": {"uv": [6, 8, 8, 4], "rotation": 180, "texture": "#0"},
				"west": {"uv": [2, 4, 0, 8], "texture": "#0"},
				"up": {"uv": [4, 0, 2, 4], "rotation": 180, "texture": "#0"},
				"down": {"uv": [4, 4, 2, 0], "rotation": 180, "texture": "#0"}
			}
		},
		{
			"name": "pivot",
			"from": [8, 15.00029, 12.00029],
			"to": [8, 15.00029, 12.00029],
			"rotation": {"angle": -45, "axis": "x", "origin": [8, 15.00029, 12.00029]},
			"color": 0,
			"faces": {
				"north": {"uv": [0, 0, 0, 0], "rotation": 180, "texture": "#missing"},
				"east": {"uv": [0, 0, 0, 0], "rotation": 90, "texture": "#missing"},
				"south": {"uv": [0, 0, 0, 0], "texture": "#missing"},
				"west": {"uv": [0, 0, 0, 0], "rotation": 270, "texture": "#missing"},
				"up": {"uv": [0, 0, 0, 0], "texture": "#missing"},
				"down": {"uv": [0, 0, 0, 0], "rotation": 180, "texture": "#missing"}
			}
		},
		{
			"name": "body",
			"from": [4, 1, 16],
			"to": [12, 13, 16],
			"rotation": {"angle": 0, "axis": "x", "origin": [8, 1, 14]},
			"faces": {
				"north": {"uv": [8, 16, 10, 10], "rotation": 180, "texture": "#0"},
				"east": {"uv": [8, 10, 7, 16], "texture": "#0"},
				"south": {"uv": [8, 16, 10, 10], "rotation": 180, "texture": "#0"},
				"west": {"uv": [5, 10, 4, 16], "texture": "#0"},
				"up": {"uv": [7, 8, 5, 10], "rotation": 180, "texture": "#0"},
				"down": {"uv": [9, 10, 7, 8], "rotation": 180, "texture": "#0"}
			}
		},
		{
			"name": "body",
			"from": [4, 1, 12],
			"to": [12, 13, 12],
			"rotation": {"angle": 0, "axis": "x", "origin": [8, 1, 14]},
			"faces": {
				"north": {"uv": [5, 16, 7, 10], "rotation": 180, "texture": "#0"},
				"east": {"uv": [8, 10, 7, 16], "texture": "#0"},
				"south": {"uv": [5, 16, 7, 10], "rotation": 180, "texture": "#0"},
				"west": {"uv": [5, 10, 4, 16], "texture": "#0"},
				"up": {"uv": [7, 8, 5, 10], "rotation": 180, "texture": "#0"},
				"down": {"uv": [9, 10, 7, 8], "rotation": 180, "texture": "#0"}
			}
		},
		{
			"name": "body",
			"from": [4, 1, 12],
			"to": [12, 1, 16],
			"rotation": {"angle": 0, "axis": "x", "origin": [8, 1, 14]},
			"faces": {
				"north": {"uv": [5, 16, 7, 10], "rotation": 180, "texture": "#0"},
				"east": {"uv": [8, 10, 7, 16], "texture": "#0"},
				"south": {"uv": [8, 16, 10, 10], "rotation": 180, "texture": "#0"},
				"west": {"uv": [5, 10, 4, 16], "texture": "#0"},
				"up": {"uv": [9, 8, 7, 10], "rotation": 180, "texture": "#0"},
				"down": {"uv": [9, 10, 7, 8], "rotation": 180, "texture": "#0"}
			}
		},
		{
			"name": "body",
			"from": [4, 13, 12],
			"to": [12, 13, 16],
			"rotation": {"angle": 0, "axis": "x", "origin": [8, 1, 14]},
			"faces": {
				"north": {"uv": [5, 16, 7, 10], "rotation": 180, "texture": "#0"},
				"east": {"uv": [8, 10, 7, 16], "texture": "#0"},
				"south": {"uv": [8, 16, 10, 10], "rotation": 180, "texture": "#0"},
				"west": {"uv": [5, 10, 4, 16], "texture": "#0"},
				"up": {"uv": [7, 8, 5, 10], "rotation": 180, "texture": "#0"},
				"down": {"uv": [7, 10, 5, 8], "rotation": 180, "texture": "#0"}
			}
		},
		{
			"name": "body",
			"from": [12, 1, 12],
			"to": [12, 13, 16],
			"rotation": {"angle": 0, "axis": "x", "origin": [8, 1, 14]},
			"faces": {
				"north": {"uv": [5, 16, 7, 10], "rotation": 180, "texture": "#0"},
				"east": {"uv": [8, 10, 7, 16], "texture": "#0"},
				"south": {"uv": [8, 16, 10, 10], "rotation": 180, "texture": "#0"},
				"west": {"uv": [5, 10, 4, 16], "texture": "#0"},
				"up": {"uv": [7, 8, 5, 10], "rotation": 180, "texture": "#0"},
				"down": {"uv": [9, 10, 7, 8], "rotation": 180, "texture": "#0"}
			}
		},
		{
			"name": "body",
			"from": [4, 1, 12],
			"to": [4, 13, 16],
			"rotation": {"angle": 0, "axis": "x", "origin": [8, 1, 14]},
			"faces": {
				"north": {"uv": [5, 16, 7, 10], "rotation": 180, "texture": "#0"},
				"east": {"uv": [8, 10, 7, 16], "texture": "#0"},
				"south": {"uv": [8, 16, 10, 10], "rotation": 180, "texture": "#0"},
				"west": {"uv": [5, 10, 4, 16], "texture": "#0"},
				"up": {"uv": [7, 8, 5, 10], "rotation": 180, "texture": "#0"},
				"down": {"uv": [9, 10, 7, 8], "rotation": 180, "texture": "#0"}
			}
		},
		{
			"name": "pivot_head",
			"from": [8, 13, 14],
			"to": [8, 13, 14],
			"rotation": {"angle": 0, "axis": "x", "origin": [8, 1, 14]},
			"color": 0,
			"faces": {
				"north": {"uv": [0, 0, 0, 0], "rotation": 180, "texture": "#missing"},
				"east": {"uv": [0, 0, 0, 0], "rotation": 90, "texture": "#missing"},
				"south": {"uv": [0, 0, 0, 0], "texture": "#missing"},
				"west": {"uv": [0, 0, 0, 0], "rotation": 270, "texture": "#missing"},
				"up": {"uv": [0, 0, 0, 0], "texture": "#missing"},
				"down": {"uv": [0, 0, 0, 0], "rotation": 180, "texture": "#missing"}
			}
		},
		{
			"name": "pivot_l_arm",
			"from": [4, 13, 14],
			"to": [4, 13, 14],
			"rotation": {"angle": 0, "axis": "x", "origin": [8, 1, 14]},
			"color": 0,
			"faces": {
				"north": {"uv": [0, 0, 0, 0], "rotation": 180, "texture": "#missing"},
				"east": {"uv": [0, 0, 0, 0], "rotation": 90, "texture": "#missing"},
				"south": {"uv": [0, 0, 0, 0], "texture": "#missing"},
				"west": {"uv": [0, 0, 0, 0], "rotation": 270, "texture": "#missing"},
				"up": {"uv": [0, 0, 0, 0], "texture": "#missing"},
				"down": {"uv": [0, 0, 0, 0], "rotation": 180, "texture": "#missing"}
			}
		},
		{
			"name": "pivot_r_arm",
			"from": [12, 13, 14],
			"to": [12, 13, 14],
			"rotation": {"angle": 0, "axis": "x", "origin": [8, 1, 14]},
			"color": 0,
			"faces": {
				"north": {"uv": [0, 0, 0, 0], "rotation": 180, "texture": "#missing"},
				"east": {"uv": [0, 0, 0, 0], "rotation": 90, "texture": "#missing"},
				"south": {"uv": [0, 0, 0, 0], "texture": "#missing"},
				"west": {"uv": [0, 0, 0, 0], "rotation": 270, "texture": "#missing"},
				"up": {"uv": [0, 0, 0, 0], "texture": "#missing"},
				"down": {"uv": [0, 0, 0, 0], "rotation": 180, "texture": "#missing"}
			}
		},
		{
			"name": "pivot_l_leg",
			"from": [6, 1, 14],
			"to": [6, 1, 14],
			"rotation": {"angle": 0, "axis": "x", "origin": [8, 1, 14]},
			"color": 0,
			"faces": {
				"north": {"uv": [0, 0, 0, 0], "rotation": 180, "texture": "#missing"},
				"east": {"uv": [0, 0, 0, 0], "rotation": 90, "texture": "#missing"},
				"south": {"uv": [0, 0, 0, 0], "texture": "#missing"},
				"west": {"uv": [0, 0, 0, 0], "rotation": 270, "texture": "#missing"},
				"up": {"uv": [0, 0, 0, 0], "texture": "#missing"},
				"down": {"uv": [0, 0, 0, 0], "rotation": 180, "texture": "#missing"}
			}
		},
		{
			"name": "pivot_r_leg",
			"from": [10, 1, 14],
			"to": [10, 1, 14],
			"rotation": {"angle": 0, "axis": "x", "origin": [8, 1, 14]},
			"color": 0,
			"faces": {
				"north": {"uv": [0, 0, 0, 0], "rotation": 180, "texture": "#missing"},
				"east": {"uv": [0, 0, 0, 0], "rotation": 90, "texture": "#missing"},
				"south": {"uv": [0, 0, 0, 0], "texture": "#missing"},
				"west": {"uv": [0, 0, 0, 0], "rotation": 270, "texture": "#missing"},
				"up": {"uv": [0, 0, 0, 0], "texture": "#missing"},
				"down": {"uv": [0, 0, 0, 0], "rotation": 180, "texture": "#missing"}
			}
		},
		{
			"name": "pivot",
			"from": [4, 14.001, 14],
			"to": [4, 14.001, 14],
			"rotation": {"angle": 22.5, "axis": "x", "origin": [0, 14.001, 14]},
			"color": 0,
			"faces": {
				"north": {"uv": [0, 0, 0, 0], "rotation": 180, "texture": "#missing"},
				"east": {"uv": [0, 0, 0, 0], "texture": "#missing"},
				"south": {"uv": [0, 0, 0, 0], "rotation": 180, "texture": "#missing"},
				"west": {"uv": [0, 0, 0, 0], "texture": "#missing"},
				"up": {"uv": [0, 0, 0, 0], "texture": "#missing"},
				"down": {"uv": [0, 0, 0, 0], "texture": "#missing"}
			}
		},
		{
			"name": "left_arm",
			"from": [2, 2.001, 13],
			"to": [4, 14.001, 15],
			"rotation": {"angle": 22.5, "axis": "x", "origin": [0, 14.001, 14]},
			"faces": {
				"north": {"uv": [12, 9, 11.5, 15], "texture": "#0"},
				"east": {"uv": [10.5, 9, 10, 15], "texture": "#0"},
				"south": {"uv": [11, 9, 10.5, 15], "texture": "#0"},
				"west": {"uv": [11.5, 9, 11, 15], "texture": "#0"},
				"up": {"uv": [10.5, 9, 11, 8], "rotation": 180, "texture": "#0"},
				"down": {"uv": [11, 8, 11.5, 9], "rotation": 180, "texture": "#0"}
			}
		},
		{
			"name": "pivot",
			"from": [12, 26.999, 4],
			"to": [12, 26.999, 4],
			"rotation": {"angle": 22.5, "axis": "x", "origin": [0, 14.999, 2]},
			"color": 0,
			"faces": {
				"north": {"uv": [0, 0, 0, 0], "rotation": 180, "texture": "#missing"},
				"east": {"uv": [0, 0, 0, 0], "texture": "#missing"},
				"south": {"uv": [0, 0, 0, 0], "rotation": 180, "texture": "#missing"},
				"west": {"uv": [0, 0, 0, 0], "texture": "#missing"},
				"up": {"uv": [0, 0, 0, 0], "texture": "#missing"},
				"down": {"uv": [0, 0, 0, 0], "texture": "#missing"}
			}
		},
		{
			"name": "right_arm",
			"from": [12, 0.999, 13],
			"to": [14, 12.999, 15],
			"rotation": {"angle": 22.5, "axis": "x", "origin": [12, 12.999, 14]},
			"faces": {
				"north": {"uv": [11.5, 9, 12, 15], "texture": "#0"},
				"east": {"uv": [11, 9, 11.5, 15], "texture": "#0"},
				"south": {"uv": [10.5, 9, 11, 15], "texture": "#0"},
				"west": {"uv": [10, 9, 10.5, 15], "texture": "#0"},
				"up": {"uv": [11, 9, 10.5, 8], "rotation": 180, "texture": "#0"},
				"down": {"uv": [11.5, 8, 11, 9], "rotation": 180, "texture": "#0"}
			}
		},
		{
			"name": "pivot",
			"from": [6, 1, 14],
			"to": [6, 1, 14],
			"rotation": {"angle": 45, "axis": "y", "origin": [6, 1, 14]},
			"color": 0,
			"faces": {
				"north": {"uv": [0, 0, 0, 0], "texture": "#missing"},
				"east": {"uv": [0, 0, 0, 0], "texture": "#missing"},
				"south": {"uv": [0, 0, 0, 0], "texture": "#missing"},
				"west": {"uv": [0, 0, 0, 0], "texture": "#missing"},
				"up": {"uv": [0, 0, 0, 0], "rotation": 270, "texture": "#missing"},
				"down": {"uv": [0, 0, 0, 0], "rotation": 90, "texture": "#missing"}
			}
		},
		{
			"name": "left_leg",
			"from": [5, 0, 2],
			"to": [7, 2, 14],
			"rotation": {"angle": 45, "axis": "y", "origin": [6, 1, 14]},
			"faces": {
				"north": {"uv": [1, 8, 1.5, 9], "rotation": 180, "texture": "#0"},
				"east": {"uv": [1.5, 9, 1, 15], "rotation": 270, "texture": "#0"},
				"south": {"uv": [0.5, 9, 1, 8], "texture": "#0"},
				"west": {"uv": [0.5, 9, 0, 15], "rotation": 90, "texture": "#0"},
				"up": {"uv": [1, 9, 0.5, 15], "rotation": 180, "texture": "#0"},
				"down": {"uv": [2, 9, 1.5, 15], "texture": "#0"}
			}
		},
		{
			"name": "pivot",
			"from": [10, 1, 14],
			"to": [10, 1, 14],
			"rotation": {"angle": -22.5, "axis": "y", "origin": [10, 1, 14]},
			"color": 0,
			"faces": {
				"north": {"uv": [0, 0, 0, 0], "texture": "#missing"},
				"east": {"uv": [0, 0, 0, 0], "texture": "#missing"},
				"south": {"uv": [0, 0, 0, 0], "texture": "#missing"},
				"west": {"uv": [0, 0, 0, 0], "texture": "#missing"},
				"up": {"uv": [0, 0, 0, 0], "texture": "#missing"},
				"down": {"uv": [0, 0, 0, 0], "texture": "#missing"}
			}
		},
		{
			"name": "right_leg",
			"from": [9, 0, 2],
			"to": [11, 2, 14],
			"rotation": {"angle": -22.5, "axis": "y", "origin": [10, 1, 14]},
			"faces": {
				"north": {"uv": [1.5, 8, 1, 9], "rotation": 180, "texture": "#0"},
				"east": {"uv": [0, 9, 0.5, 15], "rotation": 270, "texture": "#0"},
				"south": {"uv": [1, 9, 0.5, 8], "texture": "#0"},
				"west": {"uv": [1, 9, 1.5, 15], "rotation": 90, "texture": "#0"},
				"up": {"uv": [0.5, 9, 1, 15], "rotation": 180, "texture": "#0"},
				"down": {"uv": [1.5, 9, 2, 15], "texture": "#0"}
			}
		}
	],
	"display": {
		"thirdperson_righthand": {
			"rotation": [75, 45, 0],
			"translation": [0, 2.5, 0],
			"scale": [0.375, 0.375, 0.375]
		},
		"thirdperson_lefthand": {
			"rotation": [75, 45, 0],
			"translation": [0, 2.5, 0],
			"scale": [0.375, 0.375, 0.375]
		},
		"firstperson_righthand": {
			"rotation": [0, -135, 0],
			"translation": [0, 3, 0],
			"scale": [0.4, 0.4, 0.4]
		},
		"firstperson_lefthand": {
			"rotation": [0, -135, 0],
			"translation": [0, 3, 0],
			"scale": [0.4, 0.4, 0.4]
		},
		"gui": {
			"rotation": [30, 225, 0],
			"translation": [-1, 0, 0],
			"scale": [0.625, 0.625, 0.625]
		},
		"fixed": {
			"rotation": [-90, 0, 0],
			"translation": [0, 0, -16.0625],
			"scale": [2, 2, 2]
		}
	},
	"groups": [
		{
			"name": "skeleton",
			"origin": [0, 0, 0],
			"color": 0,
			"children": [
				{
					"name": "head",
					"origin": [8, 2, 12],
					"color": 0,
					"children": [
						0,
						{
							"name": "head_interior",
							"origin": [8, 2, 12],
							"color": 0,
							"children": [1, 2, 3, 4, 5, 6]
						},
						7
					]
				},
				{
					"name": "body_interior",
					"origin": [8, 17, 6],
					"color": 0,
					"children": [8, 9, 10, 11, 12, 13, 14, 15, 16, 17, 18]
				},
				{
					"name": "left_arm",
					"origin": [4, 2, 12],
					"color": 0,
					"children": [19, 20]
				},
				{
					"name": "right_arm",
					"origin": [4, 2, 12],
					"color": 0,
					"children": [21, 22]
				},
				{
					"name": "left_leg",
					"origin": [4, 2, 12],
					"color": 0,
					"children": [23, 24]
				},
				{
					"name": "right_leg",
					"origin": [4, 2, 12],
					"color": 0,
					"children": [25, 26]
				}
			]
		}
	]
}