{
	"credit": "Made with Blockbench",
	"parent": "handgun",
	"textures": {
		"0": "item/basic-reolver",
		"particle": "item/basic-reolver"
	},
	"elements": [
		{
			"from": [7.4375, 0.31883, 8.20397],
			"to": [8.5625, 3.44383, 10.32897],
			"rotation": {"angle": -22.5, "axis": "x", "origin": [1.5625, 0.38133, 8.26647]},
			"faces": {
				"north": {"uv": [10, 6, 11, 9], "texture": "#0"},
				"east": {"uv": [8, 6, 10, 9], "texture": "#0"},
				"south": {"uv": [13, 6, 14, 9], "texture": "#0"},
				"west": {"uv": [11, 6, 13, 9], "texture": "#0"},
				"up": {"uv": [11, 6, 10, 4], "texture": "#0"},
				"down": {"uv": [12, 4, 11, 6], "texture": "#0"}
			}
		},
		{
			"from": [7.5, 3, 5],
			"to": [8.5, 5, 9],
			"rotation": {"angle": 0, "axis": "x", "origin": [1.5, 3, 7]},
			"faces": {
				"north": {"uv": [4, 4, 5, 6], "texture": "#0"},
				"east": {"uv": [0, 4, 4, 6], "texture": "#0"},
				"south": {"uv": [9, 4, 10, 6], "texture": "#0"},
				"west": {"uv": [5, 4, 9, 6], "texture": "#0"},
				"up": {"uv": [5, 4, 4, 0], "texture": "#0"},
				"down": {"uv": [6, 0, 5, 4], "texture": "#0"}
			}
		},
		{
			"from": [7.5, 2, 6],
			"to": [8.5, 3, 6.001],
			"rotation": {"angle": 0, "axis": "x", "origin": [1.5, 1, 8]},
			"faces": {
				"north": {"uv": [0, 1, 1, 2], "texture": "#0"},
				"east": {"uv": [0, 1, 0, 2], "texture": "#0"},
				"south": {"uv": [1, 1, 2, 2], "texture": "#0"},
				"west": {"uv": [1, 1, 1, 2], "texture": "#0"},
				"up": {"uv": [1, 1, 0, 1], "texture": "#0"},
				"down": {"uv": [2, 1, 1, 1], "texture": "#0"}
			}
		},
		{
			"from": [7.5, 2, 6],
			"to": [8.5, 3, 6],
			"rotation": {"angle": 0, "axis": "x", "origin": [1.5, 1, 8]},
			"faces": {
				"north": {"uv": [0, 0, 1, 1], "texture": "#0"},
				"east": {"uv": [0, 0, 0, 1], "texture": "#0"},
				"south": {"uv": [1, 0, 2, 1], "texture": "#0"},
				"west": {"uv": [1, 0, 1, 1], "texture": "#0"},
				"up": {"uv": [1, 0, 0, 0], "texture": "#0"},
				"down": {"uv": [2, 0, 1, 0], "texture": "#0"}
			}
		},
		{
			"from": [7.5, 2, 6],
			"to": [8.5, 2.0001, 8],
			"rotation": {"angle": 0, "axis": "x", "origin": [1.5, 0, 8]},
			"faces": {
				"north": {"uv": [2, 4, 3, 4], "texture": "#0"},
				"east": {"uv": [0, 4, 2, 4], "texture": "#0"},
				"south": {"uv": [5, 4, 6, 4], "texture": "#0"},
				"west": {"uv": [3, 4, 5, 4], "texture": "#0"},
				"up": {"uv": [3, 4, 2, 2], "texture": "#0"},
				"down": {"uv": [4, 2, 3, 4], "texture": "#0"}
			}
		},
		{
			"from": [7.5, 2, 6],
			"to": [8.5, 2.001, 8],
			"rotation": {"angle": 0, "axis": "x", "origin": [1.5, 0, 8]},
			"faces": {
				"north": {"uv": [2, 2, 3, 2], "texture": "#0"},
				"east": {"uv": [0, 2, 2, 2], "texture": "#0"},
				"south": {"uv": [5, 2, 6, 2], "texture": "#0"},
				"west": {"uv": [3, 2, 5, 2], "texture": "#0"},
				"up": {"uv": [3, 2, 2, 0], "texture": "#0"},
				"down": {"uv": [4, 0, 3, 2], "texture": "#0"}
			}
		},
		{
			"from": [7, 3.5, 5.5],
			"to": [9, 5.5, 7.5],
			"rotation": {"angle": -45, "axis": "z", "origin": [8, 4.5, 7]},
			"faces": {
				"north": {"uv": [8, 2, 10, 4], "texture": "#0"},
				"east": {"uv": [6, 2, 8, 4], "texture": "#0"},
				"south": {"uv": [12, 2, 14, 4], "texture": "#0"},
				"west": {"uv": [10, 2, 12, 4], "texture": "#0"},
				"up": {"uv": [10, 2, 8, 0], "texture": "#0"},
				"down": {"uv": [12, 0, 10, 2], "texture": "#0"}
			}
		},
		{
			"from": [7.5, 5, 5],
			"to": [8.5, 6, 8],
			"rotation": {"angle": 0, "axis": "x", "origin": [1.5, 4, 7]},
			"faces": {
				"north": {"uv": [3, 9, 4, 10], "texture": "#0"},
				"east": {"uv": [0, 9, 3, 10], "texture": "#0"},
				"south": {"uv": [7, 9, 8, 10], "texture": "#0"},
				"west": {"uv": [4, 9, 7, 10], "texture": "#0"},
				"up": {"uv": [4, 9, 3, 6], "texture": "#0"},
				"down": {"uv": [5, 6, 4, 9], "texture": "#0"}
			}
		},
		{
			"from": [7.625, 4.64645, 7.85355],
			"to": [8.375, 5.39645, 9.35355],
			"rotation": {"angle": -45, "axis": "x", "origin": [7.75, 4.89645, 7.89645]},
			"faces": {
				"north": {"uv": [11, 10, 12, 11], "texture": "#0"},
				"east": {"uv": [10, 10, 11, 11], "texture": "#0"},
				"south": {"uv": [13, 10, 14, 11], "texture": "#0"},
				"west": {"uv": [12, 10, 13, 11], "texture": "#0"},
				"up": {"uv": [12, 10, 11, 9], "texture": "#0"},
				"down": {"uv": [13, 9, 12, 10], "texture": "#0"}
			}
		},
		{
			"from": [7.75, 5.0429, 3.245],
			"to": [8.5, 5.7929, 5],
			"rotation": {"angle": 45, "axis": "z", "origin": [8, 5.29289, 4.125]},
			"faces": {
				"north": {"uv": [2, 12, 3, 13], "texture": "#0"},
				"east": {"uv": [0, 12, 2, 13], "texture": "#0"},
				"south": {"uv": [5, 12, 6, 13], "texture": "#0"},
				"west": {"uv": [3, 12, 5, 13], "texture": "#0"},
				"up": {"uv": [3, 12, 2, 10], "texture": "#0"},
				"down": {"uv": [4, 10, 3, 12], "texture": "#0"}
			}
		},
		{
			"from": [7.625, 4.71967, 3.25],
			"to": [8.375, 5.46967, 5],
			"rotation": {"angle": 0, "axis": "z", "origin": [8, 5.21967, 4.125]},
			"faces": {
				"north": {"uv": [8, 11, 9, 12], "texture": "#0"},
				"east": {"uv": [6, 11, 8, 12], "texture": "#0"},
				"south": {"uv": [11, 11, 12, 12], "texture": "#0"},
				"west": {"uv": [9, 11, 11, 12], "texture": "#0"},
				"up": {"uv": [9, 11, 8, 9], "texture": "#0"},
				"down": {"uv": [10, 9, 9, 11], "texture": "#0"}
			}
		}
	],
	"display": {
		"thirdperson_righthand": {
			"translation": [-0.5, 5, 1]
		},
		"thirdperson_lefthand": {
			"translation": [-0.5, 5, 1]
		},
		"firstperson_righthand": {
			"translation": [-2, 8, 4]
		},
		"firstperson_lefthand": {
			"translation": [-2, 8, 4]
		},
		"gui": {
			"rotation": [90, 45, -90],
			"translation": [6, 3, 0],
			"scale": [1.5, 1.5, 1.5]
		},
		"fixed": {
			"rotation": [90, -45, 90],
			"translation": [-7, 4.25, 0],
			"scale": [2, 2, 2]
		}
	}
}