{
	"credit": "Made with Blockbench",
	"parent": "item/custom_tools/musket_display",
	"texture_size": [64, 64],
	"elements": [
		{
			"from": [7.499, 1, 1],
			"to": [7.501, 3, 4],
			"rotation": {"angle": 0, "axis": "y", "origin": [8, 2, 13]},
			"color": 4,
			"faces": {
				"north": {"uv": [3.5, 0.25, 3.5, 0.5], "texture": "#missing"},
				"east": {"uv": [2.75, 0.25, 3.5, 0.5], "texture": "#missing"},
				"south": {"uv": [4.25, 0.25, 4.25, 0.5], "texture": "#missing"},
				"west": {"uv": [3.5, 0.25, 4.25, 0.5], "texture": "#missing"},
				"up": {"uv": [3.5, 0.25, 3.5, -0.5], "texture": "#missing"},
				"down": {"uv": [3.5, -0.5, 3.5, 0.25], "texture": "#missing"}
			}
		},
		{
			"from": [5.999, 3, -6],
			"to": [9.001, 5, 17],
			"rotation": {"angle": 0, "axis": "y", "origin": [1, 1, -4]},
			"color": 4,
			"faces": {
				"north": {"uv": [5.5, 5.5, 6, 6.25], "texture": "#missing"},
				"east": {"uv": [0, 5.5, 5.5, 6.25], "texture": "#missing"},
				"south": {"uv": [11.5, 5.5, 12, 6.25], "texture": "#missing"},
				"west": {"uv": [6, 5.5, 11.5, 6.25], "texture": "#missing"},
				"up": {"uv": [6, 5.5, 5.5, 0], "texture": "#missing"},
				"down": {"uv": [6.5, 0, 6, 5.5], "texture": "#missing"}
			}
		},
		{
			"from": [5.999, 5, 13],
			"to": [9.001, 6, 17],
			"rotation": {"angle": 0, "axis": "y", "origin": [1, 1, -4]},
			"color": 4,
			"faces": {
				"north": {"uv": [5.5, 5.5, 6, 6.25], "texture": "#missing"},
				"east": {"uv": [0, 5.5, 5.5, 6.25], "texture": "#missing"},
				"south": {"uv": [11.5, 5.5, 12, 6.25], "texture": "#missing"},
				"west": {"uv": [6, 5.5, 11.5, 6.25], "texture": "#missing"},
				"up": {"uv": [6, 5.5, 5.5, 0], "texture": "#missing"},
				"down": {"uv": [6.5, 0, 6, 5.5], "texture": "#missing"}
			}
		},
		{
			"from": [6.5, 4, -10],
			"to": [8.5, 6, 13],
			"rotation": {"angle": 0, "axis": "y", "origin": [7, 4, 3]},
			"color": 9,
			"faces": {
				"north": {"uv": [3.75, 7.5, 4.25, 8], "texture": "#missing"},
				"east": {"uv": [2.75, 7.5, 3.75, 8], "texture": "#missing"},
				"south": {"uv": [5.25, 7.5, 5.75, 8], "texture": "#missing"},
				"west": {"uv": [4.25, 7.5, 5.25, 8], "texture": "#missing"},
				"up": {"uv": [4.25, 7.5, 3.75, 6.5], "texture": "#missing"},
				"down": {"uv": [4.75, 6.5, 4.25, 7.5], "texture": "#missing"}
			}
		},
		{
			"from": [7, 3.001, -8],
			"to": [8, 4.001, 10],
			"rotation": {"angle": 0, "axis": "y", "origin": [7, 4, 3]},
			"color": 9,
			"faces": {
				"north": {"uv": [3.75, 7.5, 4.25, 8], "texture": "#missing"},
				"east": {"uv": [2.75, 7.5, 3.75, 8], "texture": "#missing"},
				"south": {"uv": [5.25, 7.5, 5.75, 8], "texture": "#missing"},
				"west": {"uv": [4.25, 7.5, 5.25, 8], "texture": "#missing"},
				"up": {"uv": [4.25, 7.5, 3.75, 6.5], "texture": "#missing"},
				"down": {"uv": [4.75, 6.5, 4.25, 7.5], "texture": "#missing"}
			}
		},
		{
			"from": [6.5, 3, 17],
			"to": [8.5, 6, 22],
			"rotation": {"angle": 22.5, "axis": "x", "origin": [8, 6, 17]},
			"color": 4,
			"faces": {
				"north": {"uv": [1.25, 4, 1.75, 4.75], "texture": "#missing"},
				"east": {"uv": [0, 4, 1.25, 4.75], "texture": "#missing"},
				"south": {"uv": [3, 4, 3.5, 4.75], "texture": "#missing"},
				"west": {"uv": [1.75, 4, 3, 4.75], "texture": "#missing"},
				"up": {"uv": [1.75, 4, 1.25, 2.75], "texture": "#missing"},
				"down": {"uv": [2.25, 2.75, 1.75, 4], "texture": "#missing"}
			}
		},
		{
			"from": [6.499, 1.31494, 20.47135],
			"to": [8.501, 5.31494, 26.47135],
			"rotation": {"angle": 22.5, "axis": "x", "origin": [8, 1.31494, 20.47135]},
			"color": 4,
			"faces": {
				"north": {"uv": [1.5, 1.5, 2, 2.5], "texture": "#missing"},
				"east": {"uv": [0, 1.5, 1.5, 2.5], "texture": "#missing"},
				"south": {"uv": [3.5, 1.5, 4, 2.5], "texture": "#missing"},
				"west": {"uv": [2, 1.5, 3.5, 2.5], "texture": "#missing"},
				"up": {"uv": [2, 1.5, 1.5, 0], "texture": "#missing"},
				"down": {"uv": [2.5, 0, 2, 1.5], "texture": "#missing"}
			}
		},
		{
			"from": [7.499, 2, 10],
			"to": [7.501, 3, 13],
			"rotation": {"angle": 0, "axis": "y", "origin": [8, 2, 13]},
			"color": 2,
			"faces": {
				"north": {"uv": [3.5, 0.25, 3.5, 0.5], "texture": "#missing"},
				"east": {"uv": [2.75, 0.25, 3.5, 0.5], "texture": "#missing"},
				"south": {"uv": [4.25, 0.25, 4.25, 0.5], "texture": "#missing"},
				"west": {"uv": [3.5, 0.25, 4.25, 0.5], "texture": "#missing"},
				"up": {"uv": [3.5, 0.25, 3.5, -0.5], "texture": "#missing"},
				"down": {"uv": [3.5, -0.5, 3.5, 0.25], "texture": "#missing"}
			}
		},
		{
			"from": [7.499, 1, 13],
			"to": [7.501, 3, 16],
			"rotation": {"angle": 0, "axis": "y", "origin": [8, 2, 13]},
			"color": 2,
			"faces": {
				"north": {"uv": [3.5, 0.75, 3.5, 1.25], "texture": "#missing"},
				"east": {"uv": [2.75, 0.75, 3.5, 1.25], "texture": "#missing"},
				"south": {"uv": [4.25, 0.75, 4.25, 1.25], "texture": "#missing"},
				"west": {"uv": [3.5, 0.75, 4.25, 1.25], "texture": "#missing"},
				"up": {"uv": [3.5, 0.75, 3.5, 0], "texture": "#missing"},
				"down": {"uv": [3.5, 0, 3.5, 0.75], "texture": "#missing"}
			}
		},
		{
			"from": [9.002, 4, 14],
			"to": [9.003, 8, 16],
			"rotation": {"angle": 0, "axis": "x", "origin": [9.0015, 4.5, 14.5]},
			"color": 2,
			"faces": {
				"north": {"uv": [0.5, 7.75, 0.5, 8.75], "texture": "#missing"},
				"east": {"uv": [0, 7.75, 0.5, 8.75], "texture": "#missing"},
				"south": {"uv": [1, 7.75, 1, 8.75], "texture": "#missing"},
				"west": {"uv": [2, 7.75, 2.5, 8.75], "texture": "#missing"},
				"up": {"uv": [0.5, 7.75, 0.5, 7.25], "texture": "#missing"},
				"down": {"uv": [0.5, 7.25, 0.5, 7.75], "texture": "#missing"}
			}
		},
		{
			"from": [9.001, 4, 11],
			"to": [9.002, 8, 13],
			"rotation": {"angle": 0, "axis": "y", "origin": [9.0015, 6, 13.5]},
			"color": 2,
			"faces": {
				"north": {"uv": [1.25, 7.75, 1.25, 8.75], "texture": "#missing"},
				"east": {"uv": [0.75, 7.75, 1.25, 8.75], "texture": "#missing"},
				"south": {"uv": [1.75, 7.75, 1.75, 8.75], "texture": "#missing"},
				"west": {"uv": [1.25, 7.75, 1.75, 8.75], "texture": "#missing"},
				"up": {"uv": [1.25, 7.75, 1.25, 7.25], "texture": "#missing"},
				"down": {"uv": [1.25, 7.25, 1.25, 7.75], "texture": "#missing"}
			}
		}
	],
	"display": {
		"thirdperson_righthand": {
			"rotation": [10, 0, 0],
			"translation": [0, 4.75, -4],
			"scale": [0.85, 0.85, 0.85]
		},
		"thirdperson_lefthand": {
			"rotation": [10, 0, 0],
			"translation": [0, 4.75, -4],
			"scale": [0.85, 0.85, 0.85]
		},
		"firstperson_righthand": {
			"rotation": [2, -5, 0],
			"translation": [12, 4, -8],
			"scale": [1.5, 1.5, 1.5]
		},
		"firstperson_lefthand": {
			"rotation": [2, -5, 0],
			"translation": [12, 4, -8],
			"scale": [1.5, 1.5, 1.5]
		},
		"ground": {
			"translation": [0, 5, -2.5],
			"scale": [0.8, 0.8, 0.8]
		}
	},
	"groups": [
		{
			"name": "barrel",
			"origin": [7, 4, 3],
			"color": 0,
			"children": [0, 1, 2, 3, 4]
		},
		{
			"name": "stock",
			"origin": [8, 1.31494, 19.47135],
			"color": 4,
			"children": [5, 6]
		},
		{
			"name": "trigger",
			"origin": [8, 2, 13],
			"color": 0,
			"children": [7, 8]
		},
		{
			"name": "lock",
			"origin": [9.0015, 6, 13.5],
			"color": 2,
			"children": [9, 10]
		}
	]
}