{
	"credit": "Made with Blockbench",
	"parent": "item/custom_tools/musket_display",
	"texture_size": [64, 64],
	"textures": {
		"0": "item/custom_tools/crossbow/musket",
		"particle": "item/custom_tools/crossbow/musket"
	},
	"elements": [
		{
			"from": [6.999, 3, 0],
			"to": [9.001, 6, 22],
			"rotation": {"angle": 0, "axis": "y", "origin": [1, 1, 2]},
			"faces": {
				"north": {"uv": [5.5, 5.5, 6, 6.25], "texture": "#0"},
				"east": {"uv": [0, 5.5, 5.5, 6.25], "texture": "#0"},
				"south": {"uv": [11.5, 5.5, 12, 6.25], "texture": "#0"},
				"west": {"uv": [6, 5.5, 11.5, 6.25], "texture": "#0"},
				"up": {"uv": [6, 5.5, 5.5, 0], "texture": "#0"},
				"down": {"uv": [6.5, 0, 6, 5.5], "texture": "#0"}
			}
		},
		{
			"from": [7, 4, -4],
			"to": [9, 6, 0],
			"rotation": {"angle": 0, "axis": "y", "origin": [7, 4, 9]},
			"faces": {
				"north": {"uv": [3.75, 7.5, 4.25, 8], "texture": "#0"},
				"east": {"uv": [2.75, 7.5, 3.75, 8], "texture": "#0"},
				"south": {"uv": [5.25, 7.5, 5.75, 8], "texture": "#0"},
				"west": {"uv": [4.25, 7.5, 5.25, 8], "texture": "#0"},
				"up": {"uv": [4.25, 7.5, 3.75, 6.5], "texture": "#0"},
				"down": {"uv": [4.75, 6.5, 4.25, 7.5], "texture": "#0"}
			}
		},
		{
			"from": [7, 3, 22],
			"to": [9, 6, 27],
			"rotation": {"angle": 22.5, "axis": "x", "origin": [8, 6, 22]},
			"faces": {
				"north": {"uv": [1.25, 4, 1.75, 4.75], "texture": "#0"},
				"east": {"uv": [0, 4, 1.25, 4.75], "texture": "#0"},
				"south": {"uv": [3, 4, 3.5, 4.75], "texture": "#0"},
				"west": {"uv": [1.75, 4, 3, 4.75], "texture": "#0"},
				"up": {"uv": [1.75, 4, 1.25, 2.75], "texture": "#0"},
				"down": {"uv": [2.25, 2.75, 1.75, 4], "texture": "#0"}
			}
		},
		{
			"from": [6.999, 1.31494, 25.47135],
			"to": [9.001, 5.31494, 31.47135],
			"rotation": {"angle": 22.5, "axis": "x", "origin": [8, 1.31494, 25.47135]},
			"faces": {
				"north": {"uv": [1.5, 1.5, 2, 2.5], "texture": "#0"},
				"east": {"uv": [0, 1.5, 1.5, 2.5], "texture": "#0"},
				"south": {"uv": [3.5, 1.5, 4, 2.5], "texture": "#0"},
				"west": {"uv": [2, 1.5, 3.5, 2.5], "texture": "#0"},
				"up": {"uv": [2, 1.5, 1.5, 0], "texture": "#0"},
				"down": {"uv": [2.5, 0, 2, 1.5], "texture": "#0"}
			}
		},
		{
			"from": [7.999, 2, 10],
			"to": [8.001, 3, 13],
			"rotation": {"angle": 0, "axis": "y", "origin": [8, 2, 13]},
			"faces": {
				"north": {"uv": [3.5, 0.25, 3.5, 0.5], "texture": "#0"},
				"east": {"uv": [2.75, 0.25, 3.5, 0.5], "texture": "#0"},
				"south": {"uv": [4.25, 0.25, 4.25, 0.5], "texture": "#0"},
				"west": {"uv": [3.5, 0.25, 4.25, 0.5], "texture": "#0"},
				"up": {"uv": [3.5, 0.25, 3.5, -0.5], "texture": "#0"},
				"down": {"uv": [3.5, -0.5, 3.5, 0.25], "texture": "#0"}
			}
		},
		{
			"from": [7.999, 1, 13],
			"to": [8.001, 3, 16],
			"rotation": {"angle": 0, "axis": "y", "origin": [8, 2, 13]},
			"faces": {
				"north": {"uv": [3.5, 0.75, 3.5, 1.25], "texture": "#0"},
				"east": {"uv": [2.75, 0.75, 3.5, 1.25], "texture": "#0"},
				"south": {"uv": [4.25, 0.75, 4.25, 1.25], "texture": "#0"},
				"west": {"uv": [3.5, 0.75, 4.25, 1.25], "texture": "#0"},
				"up": {"uv": [3.5, 0.75, 3.5, 0], "texture": "#0"},
				"down": {"uv": [3.5, 0, 3.5, 0.75], "texture": "#0"}
			}
		},
		{
			"from": [9.002, 4, 20],
			"to": [9.003, 8, 22],
			"rotation": {"angle": 0, "axis": "x", "origin": [9.0015, 4.5, 20.5]},
			"faces": {
				"north": {"uv": [0.5, 7.75, 0.5, 8.75], "texture": "#0"},
				"east": {"uv": [0, 7.75, 0.5, 8.75], "texture": "#0"},
				"south": {"uv": [1, 7.75, 1, 8.75], "texture": "#0"},
				"west": {"uv": [2, 7.75, 2.5, 8.75], "texture": "#0"},
				"up": {"uv": [0.5, 7.75, 0.5, 7.25], "texture": "#0"},
				"down": {"uv": [0.5, 7.25, 0.5, 7.75], "texture": "#0"}
			}
		},
		{
			"from": [9.001, 4, 17],
			"to": [9.002, 8, 19],
			"rotation": {"angle": 0, "axis": "y", "origin": [9.0015, 6, 19.5]},
			"faces": {
				"north": {"uv": [1.25, 7.75, 1.25, 8.75], "texture": "#0"},
				"east": {"uv": [0.75, 7.75, 1.25, 8.75], "texture": "#0"},
				"south": {"uv": [1.75, 7.75, 1.75, 8.75], "texture": "#0"},
				"west": {"uv": [1.25, 7.75, 1.75, 8.75], "texture": "#0"},
				"up": {"uv": [1.25, 7.75, 1.25, 7.25], "texture": "#0"},
				"down": {"uv": [1.25, 7.25, 1.25, 7.75], "texture": "#0"}
			}
		},
		{
			"from": [7.5, 4.5, -11],
			"to": [8.5, 5.5, 2],
			"faces": {
				"north": {"uv": [3.25, 15.75, 3.5, 16], "texture": "#0"},
				"east": {"uv": [0, 15.75, 3.25, 16], "texture": "#0"},
				"south": {"uv": [6.75, 15.75, 7, 16], "texture": "#0"},
				"west": {"uv": [3.5, 15.75, 6.75, 16], "texture": "#0"},
				"up": {"uv": [3.5, 15.75, 3.25, 12.5], "texture": "#0"},
				"down": {"uv": [3.75, 12.5, 3.5, 15.75], "texture": "#0"}
			}
		}
	],
	"display": {
		"thirdperson_righthand": {
			"rotation": [-90, 180, 0],
			"translation": [0, -9.25, -3],
			"scale": [0.85, 0.85, 0.85]
		},
		"thirdperson_lefthand": {
			"rotation": [-90, 180, 0],
			"translation": [0, -9.25, -3],
			"scale": [0.85, 0.85, 0.85]
		},
		"firstperson_righthand": {
			"rotation": [90, 20, 0],
			"translation": [12.5, -8, -1.25],
			"scale": [1.5, 1.5, 1.5]
		},
		"firstperson_lefthand": {
			"rotation": [90, 20, 0],
			"translation": [12.5, -8, -1.25],
			"scale": [1.5, 1.5, 1.5]
		},
		"ground": {
			"translation": [0, 5, -2.5],
			"scale": [0.8, 0.8, 0.8]
		}
	},
	"groups": [
		{
			"name": "barrel",
			"origin": [7, 4, 3],
			"color": 0,
			"children": [0, 1]
		},
		{
			"name": "stock",
			"origin": [8, 1.31494, 19.47135],
			"color": 0,
			"children": [2, 3]
		},
		{
			"name": "trigger",
			"origin": [8, 2, 13],
			"color": 0,
			"children": [4, 5]
		},
		{
			"name": "lock",
			"origin": [9.0015, 6, 13.5],
			"color": 0,
			"children": [6, 7]
		},
		{
			"name": "rod",
			"origin": [0, 0, 0],
			"color": 0,
			"children": [8]
		}
	]
}