{
	"credit": "Made with Blockbench",
	"parent": "item/custom_tools/musket_display",
	"texture_size": [64, 64],
	"textures": {
		"0": "item/custom_tools/crossbow/flintlock",
		"particle": "item/custom_tools/crossbow/flintlock"
	},
	"elements": [
		{
			"from": [7.58229, -1.84349, -4.9898],
			"to": [8.58429, 2.15651, -0.9898],
			"rotation": {"angle": 0, "axis": "x", "origin": [8, 5, 2]},
			"faces": {
				"north": {"uv": [15, 15.75, 14, 16], "rotation": 90, "texture": "#0"},
				"east": {"uv": [15, 15.75, 14, 14.75], "rotation": 180, "texture": "#0"},
				"south": {"uv": [13, 15.75, 12, 16], "rotation": 270, "texture": "#0"},
				"west": {"uv": [14, 14.75, 13, 15.75], "texture": "#0"},
				"up": {"uv": [16, 15.75, 15, 16], "rotation": 270, "texture": "#0"},
				"down": {"uv": [14, 15.75, 13, 16], "rotation": 270, "texture": "#0"}
			}
		},
		{
			"from": [7.58329, -1.84349, -5.9898],
			"to": [8.58329, 1.15651, -4.9898],
			"rotation": {"angle": 0, "axis": "x", "origin": [8, 5, 2]},
			"faces": {
				"north": {"uv": [11.5, 15, 10.75, 15.25], "rotation": 90, "texture": "#0"},
				"east": {"uv": [11, 15, 10.75, 14.25], "rotation": 180, "texture": "#0"},
				"south": {"uv": [10.5, 15, 9.75, 15.25], "rotation": 270, "texture": "#0"},
				"west": {"uv": [10.75, 14.25, 10.5, 15], "texture": "#0"},
				"up": {"uv": [11.75, 15, 11.5, 15.25], "rotation": 270, "texture": "#0"},
				"down": {"uv": [10.75, 15, 10.5, 15.25], "rotation": 270, "texture": "#0"}
			}
		},
		{
			"from": [7.58329, -2.84349, -4.9898],
			"to": [8.58329, -1.84349, -1.9898],
			"rotation": {"angle": 0, "axis": "x", "origin": [8, 5, 2]},
			"faces": {
				"north": {"uv": [11, 15.75, 10.75, 16], "rotation": 90, "texture": "#0"},
				"east": {"uv": [11.5, 15.75, 10.75, 15.5], "rotation": 180, "texture": "#0"},
				"south": {"uv": [10, 15.75, 9.75, 16], "rotation": 270, "texture": "#0"},
				"west": {"uv": [10.75, 15.5, 10, 15.75], "texture": "#0"},
				"up": {"uv": [11.75, 15.75, 11, 16], "rotation": 270, "texture": "#0"},
				"down": {"uv": [10.75, 15.75, 10, 16], "rotation": 270, "texture": "#0"}
			}
		},
		{
			"from": [7.58329, 4.5905, -1.52665],
			"to": [8.58329, 5.5905, 0.47335],
			"rotation": {"angle": -45, "axis": "x", "origin": [8, 5, 2]},
			"faces": {
				"north": {"uv": [9, 15.75, 8.75, 16], "rotation": 90, "texture": "#0"},
				"east": {"uv": [8.75, 15.5, 9.25, 15.75], "texture": "#0"},
				"south": {"uv": [8.25, 15.75, 8, 16], "rotation": 270, "texture": "#0"},
				"west": {"uv": [8.25, 15.75, 8.75, 15.5], "rotation": 180, "texture": "#0"},
				"up": {"uv": [9.5, 15.75, 9, 16], "rotation": 270, "texture": "#0"},
				"down": {"uv": [8.75, 15.75, 8.25, 16], "rotation": 270, "texture": "#0"}
			}
		},
		{
			"from": [7.58329, 3.5905, -4.52665],
			"to": [8.58329, 6.5905, -1.52665],
			"rotation": {"angle": -45, "axis": "x", "origin": [8, 5, 2]},
			"faces": {
				"north": {"uv": [15.25, 14.25, 14.5, 14.5], "rotation": 90, "texture": "#0"},
				"east": {"uv": [14.5, 13.5, 15.25, 14.25], "texture": "#0"},
				"south": {"uv": [13.75, 14.25, 13, 14.5], "rotation": 270, "texture": "#0"},
				"west": {"uv": [13.75, 14.25, 14.5, 13.5], "rotation": 180, "texture": "#0"},
				"up": {"uv": [16, 14.25, 15.25, 14.5], "rotation": 270, "texture": "#0"},
				"down": {"uv": [14.5, 14.25, 13.75, 14.5], "rotation": 270, "texture": "#0"}
			}
		},
		{
			"from": [6.999, 3, 4],
			"to": [9.001, 6, 16],
			"rotation": {"angle": 0, "axis": "y", "origin": [1, 1, -4]},
			"faces": {
				"north": {"uv": [5.5, 5.5, 6, 6.25], "texture": "#0"},
				"east": {"uv": [2.5, 5.5, 5.5, 6.25], "texture": "#0"},
				"south": {"uv": [9, 5.5, 9.5, 6.25], "texture": "#0"},
				"west": {"uv": [6, 5.5, 9, 6.25], "texture": "#0"},
				"up": {"uv": [6, 5.5, 5.5, 2.5], "texture": "#0"},
				"down": {"uv": [6.5, 2.5, 6, 5.5], "texture": "#0"}
			}
		},
		{
			"from": [7, 4, 2],
			"to": [9, 6, 4],
			"rotation": {"angle": 0, "axis": "y", "origin": [7, 4, 3]},
			"faces": {
				"north": {"uv": [3.75, 7.5, 4.25, 8], "texture": "#0"},
				"east": {"uv": [3.25, 7.5, 3.75, 8], "texture": "#0"},
				"south": {"uv": [4.75, 7.5, 5.25, 8], "texture": "#0"},
				"west": {"uv": [4.25, 7.5, 4.75, 8], "texture": "#0"},
				"up": {"uv": [4.25, 7.5, 3.75, 7], "texture": "#0"},
				"down": {"uv": [4.75, 7, 4.25, 7.5], "texture": "#0"}
			}
		},
		{
			"from": [7, 3, 16],
			"to": [9, 6, 23],
			"rotation": {"angle": 45, "axis": "x", "origin": [8, 6, 16]},
			"faces": {
				"north": {"uv": [1.75, 4, 2.25, 4.75], "texture": "#0"},
				"east": {"uv": [0, 4, 1.75, 4.75], "texture": "#0"},
				"south": {"uv": [4, 4, 4.5, 4.75], "texture": "#0"},
				"west": {"uv": [2.25, 4, 4, 4.75], "texture": "#0"},
				"up": {"uv": [2.25, 4, 1.75, 2.25], "texture": "#0"},
				"down": {"uv": [2.75, 2.25, 2.25, 4], "texture": "#0"}
			}
		},
		{
			"from": [7.999, 1, 13],
			"to": [8.001, 3, 16],
			"rotation": {"angle": 0, "axis": "y", "origin": [8, 2, 13]},
			"faces": {
				"north": {"uv": [3.5, 0.75, 3.5, 1.25], "texture": "#0"},
				"east": {"uv": [2.75, 0.75, 3.5, 1.25], "texture": "#0"},
				"south": {"uv": [4.25, 0.75, 4.25, 1.25], "texture": "#0"},
				"west": {"uv": [3.5, 0.75, 4.25, 1.25], "texture": "#0"},
				"up": {"uv": [3.5, 0.75, 3.5, 0], "texture": "#0"},
				"down": {"uv": [3.5, 0, 3.5, 0.75], "texture": "#0"}
			}
		},
		{
			"from": [7.999, 2, 10],
			"to": [8.001, 3, 13],
			"rotation": {"angle": 0, "axis": "y", "origin": [8, 2, 13]},
			"faces": {
				"north": {"uv": [3.5, 0.25, 3.5, 0.5], "texture": "#0"},
				"east": {"uv": [2.75, 0.25, 3.5, 0.5], "texture": "#0"},
				"south": {"uv": [4.25, 0.25, 4.25, 0.5], "texture": "#0"},
				"west": {"uv": [3.5, 0.25, 4.25, 0.5], "texture": "#0"},
				"up": {"uv": [3.5, 0.25, 3.5, -0.5], "texture": "#0"},
				"down": {"uv": [3.5, -0.5, 3.5, 0.25], "texture": "#0"}
			}
		},
		{
			"from": [9.001, 4, 11],
			"to": [9.002, 8, 13],
			"rotation": {"angle": 0, "axis": "y", "origin": [9.0015, 6, 13.5]},
			"faces": {
				"north": {"uv": [1.25, 7.75, 1.25, 8.75], "texture": "#0"},
				"east": {"uv": [0.75, 7.75, 1.25, 8.75], "texture": "#0"},
				"south": {"uv": [1.75, 7.75, 1.75, 8.75], "texture": "#0"},
				"west": {"uv": [1.25, 7.75, 1.75, 8.75], "texture": "#0"},
				"up": {"uv": [1.25, 7.75, 1.25, 7.25], "texture": "#0"},
				"down": {"uv": [1.25, 7.25, 1.25, 7.75], "texture": "#0"}
			}
		},
		{
			"from": [9.002, 5, 12],
			"to": [9.003, 7, 16],
			"rotation": {"angle": 0, "axis": "y", "origin": [9.0015, 4.5, 14.5]},
			"faces": {
				"north": {"uv": [0.5, 7.75, 0.5, 7.25], "rotation": 180, "texture": "#0"},
				"east": {"uv": [0, 7.75, 0.5, 8.75], "rotation": 90, "texture": "#0"},
				"south": {"uv": [0.5, 7.25, 0.5, 7.75], "texture": "#0"},
				"west": {"uv": [2, 7.75, 2.5, 8.75], "rotation": 270, "texture": "#0"},
				"up": {"uv": [1, 7.75, 1, 8.75], "texture": "#0"},
				"down": {"uv": [0.5, 7.75, 0.5, 8.75], "rotation": 180, "texture": "#0"}
			}
		}
	],
	"display": {
		"thirdperson_righthand": {
			"rotation": [-90, 180, 0],
			"translation": [0, -4.25, -3],
			"scale": [0.85, 0.85, 0.85]
		},
		"thirdperson_lefthand": {
			"rotation": [-90, 180, 0],
			"translation": [0, -4.25, -3],
			"scale": [0.85, 0.85, 0.85]
		},
		"firstperson_righthand": {
			"rotation": [90, 20, 0],
			"translation": [12.5, 0, -1.25],
			"scale": [1.5, 1.5, 1.5]
		},
		"firstperson_lefthand": {
			"rotation": [90, 20, 0],
			"translation": [12.5, 0, -1.25],
			"scale": [1.5, 1.5, 1.5]
		},
		"ground": {
			"translation": [0, 5, -2.5],
			"scale": [0.8, 0.8, 0.8]
		}
	},
	"groups": [
		{
			"name": "gunpowder",
			"origin": [0.5, 6.06894, -12],
			"color": 0,
			"children": [0, 1, 2, 3, 4]
		},
		{
			"name": "barrel",
			"origin": [7, 4, 3],
			"color": 0,
			"children": [5, 6]
		},
		{
			"name": "stock",
			"origin": [8, 6, 16],
			"color": 0,
			"children": [7]
		},
		{
			"name": "trigger",
			"origin": [8, 2, 13],
			"color": 0,
			"children": [8, 9]
		},
		{
			"name": "lock",
			"origin": [9.0015, 4.5, 14.5],
			"color": 0,
			"children": [10, 11]
		}
	]
}