{
	"credit": "Made with Blockbench",
	"parent": "item/custom_tools/sword_display",
	"texture_size": [32, 32],
	"textures": {
		"0": "item/custom_tools/diamond/halberd",
		"particle": "item/custom_tools/diamond/halberd"
	},
	"elements": [
		{
			"from": [10, 15, 8],
			"to": [14, 20, 8],
			"rotation": {"angle": 0, "axis": "y", "origin": [7, 11.5, 8]},
			"faces": {
				"north": {"uv": [4.5, 12.5, 6.5, 15], "texture": "#0"},
				"east": {"uv": [4.5, 12.5, 4.5, 15], "texture": "#0"},
				"south": {"uv": [6.5, 12.5, 8.5, 15], "texture": "#0"},
				"west": {"uv": [6.5, 12.5, 6.5, 15], "texture": "#0"},
				"up": {"uv": [6.5, 12.5, 4.5, 12.5], "texture": "#0"},
				"down": {"uv": [8.5, 12.5, 6.5, 12.5], "texture": "#0"}
			}
		},
		{
			"from": [-2, 11, 8],
			"to": [6, 26, 8],
			"rotation": {"angle": 0, "axis": "y", "origin": [7, 11.5, 8]},
			"faces": {
				"north": {"uv": [4.5, 0, 8.5, 7.5], "texture": "#0"},
				"east": {"uv": [4.5, 0, 4.5, 7.5], "texture": "#0"},
				"south": {"uv": [8.5, 0, 12.5, 7.5], "texture": "#0"},
				"west": {"uv": [8.5, 0, 8.5, 7.5], "texture": "#0"},
				"up": {"uv": [8.5, 0, 4.5, 0], "texture": "#0"},
				"down": {"uv": [12.5, 0, 8.5, 0], "texture": "#0"}
			}
		},
		{
			"from": [6.5, 24, 8],
			"to": [9.5, 30, 8],
			"rotation": {"angle": 0, "axis": "y", "origin": [7, 11.5, 8]},
			"faces": {
				"north": {"uv": [13, 0, 14.5, 3], "texture": "#0"},
				"east": {"uv": [13, 0, 13, 3], "texture": "#0"},
				"south": {"uv": [14.5, 0, 16, 3], "texture": "#0"},
				"west": {"uv": [14.5, 0, 14.5, 3], "texture": "#0"},
				"up": {"uv": [14.5, 0, 13, 0], "texture": "#0"},
				"down": {"uv": [16, 0, 14.5, 0], "texture": "#0"}
			}
		},
		{
			"from": [6, 16, 6.5],
			"to": [10, 21, 9.5],
			"rotation": {"angle": 0, "axis": "y", "origin": [7, 11.5, 8]},
			"faces": {
				"north": {"uv": [6, 9.5, 8, 12], "texture": "#0"},
				"east": {"uv": [4.5, 9.5, 6, 12], "texture": "#0"},
				"south": {"uv": [9.5, 9.5, 11.5, 12], "texture": "#0"},
				"west": {"uv": [8, 9.5, 9.5, 12], "texture": "#0"},
				"up": {"uv": [8, 9.5, 6, 8], "texture": "#0"},
				"down": {"uv": [10, 8, 8, 9.5], "texture": "#0"}
			}
		},
		{
			"from": [7, -8, 7.00001],
			"to": [9, 16, 9.00001],
			"rotation": {"angle": 0, "axis": "y", "origin": [8, 4, 8.00001]},
			"faces": {
				"north": {"uv": [1, 1, 2, 13], "texture": "#0"},
				"east": {"uv": [0, 1, 1, 13], "texture": "#0"},
				"south": {"uv": [3, 1, 4, 13], "texture": "#0"},
				"west": {"uv": [2, 1, 3, 13], "texture": "#0"},
				"up": {"uv": [2, 1, 1, 0], "texture": "#0"},
				"down": {"uv": [3, 0, 2, 1], "texture": "#0"}
			}
		},
		{
			"from": [7, 21, 7],
			"to": [9, 24, 9],
			"rotation": {"angle": 0, "axis": "y", "origin": [8, 22.5, 8]},
			"faces": {
				"north": {"uv": [13, 8, 14, 9.5], "texture": "#0"},
				"east": {"uv": [12, 8, 13, 9.5], "texture": "#0"},
				"south": {"uv": [15, 8, 16, 9.5], "texture": "#0"},
				"west": {"uv": [14, 8, 15, 9.5], "texture": "#0"},
				"up": {"uv": [14, 8, 13, 7], "rotation": 270, "texture": "#0"},
				"down": {"uv": [15, 7, 14, 8], "rotation": 90, "texture": "#0"}
			}
		},
		{
			"from": [6.5, -10.99999, 7],
			"to": [9.5, -7.99999, 9],
			"rotation": {"angle": 0, "axis": "y", "origin": [8, 1.00001, 8]},
			"faces": {
				"north": {"uv": [12, 12.5, 13.5, 14], "texture": "#0"},
				"east": {"uv": [11, 12.5, 12, 14], "texture": "#0"},
				"south": {"uv": [14.5, 12.5, 16, 14], "texture": "#0"},
				"west": {"uv": [13.5, 12.5, 14.5, 14], "texture": "#0"},
				"up": {"uv": [13.5, 12.5, 12, 11.5], "texture": "#0"},
				"down": {"uv": [15, 11.5, 13.5, 12.5], "texture": "#0"}
			}
		}
	],
	"display": {
		"fixed": {
			"translation": [0, -10, -12.5],
			"scale": [2, 2, 2]
		}
	},
	"groups": [
		{
			"name": "blade",
			"origin": [8, 0, 8],
			"color": 0,
			"children": [0, 1, 2]
		},
		{
			"name": "hand_guard",
			"origin": [9.75, 6, 8],
			"color": 0,
			"children": [3]
		},
		{
			"name": "handle",
			"origin": [8, 1, 8],
			"color": 0,
			"children": [4, 5]
		},
		6
	]
}