{
	"credit": "Made with Blockbench",
	"parent": "item/custom_tools/sword_display",
	"texture_size": [32, 32],
	"textures": {
		"0": "item/custom_tools/diamond/rapier",
		"particle": "item/custom_tools/diamond/rapier"
	},
	"elements": [
		{
			"from": [7, 6.5, 8],
			"to": [9, 26.5, 8],
			"rotation": {"angle": 0, "axis": "y", "origin": [8, 8.5, 8]},
			"faces": {
				"north": {"uv": [0, 3.5, 1, 13.5], "texture": "#0"},
				"east": {"uv": [0, 3.5, 0, 13.5], "texture": "#0"},
				"south": {"uv": [1, 3.5, 2, 13.5], "texture": "#0"},
				"west": {"uv": [1, 3.5, 1, 13.5], "texture": "#0"},
				"up": {"uv": [1, 3.5, 0, 3.5], "texture": "#0"},
				"down": {"uv": [2, 3.5, 1, 3.5], "texture": "#0"}
			}
		},
		{
			"from": [3.5, 5.5, 7.5],
			"to": [6.5, 6.5, 8.5],
			"rotation": {"angle": 0, "axis": "y", "origin": [8, 8.5, 8]},
			"faces": {
				"north": {"uv": [10, 0.5, 11.5, 1], "texture": "#0"},
				"east": {"uv": [9.5, 0.5, 10, 1], "texture": "#0"},
				"south": {"uv": [12, 0.5, 13.5, 1], "texture": "#0"},
				"west": {"uv": [11.5, 0.5, 12, 1], "texture": "#0"},
				"up": {"uv": [11.5, 0.5, 10, 0], "texture": "#0"},
				"down": {"uv": [13, 0, 11.5, 0.5], "texture": "#0"}
			}
		},
		{
			"from": [2.5, 5, 7],
			"to": [3.5, 7, 9],
			"rotation": {"angle": 0, "axis": "y", "origin": [8, 8.5, 8]},
			"faces": {
				"north": {"uv": [3.5, 9.5, 4, 10.5], "texture": "#0"},
				"east": {"uv": [2.5, 9.5, 3.5, 10.5], "texture": "#0"},
				"south": {"uv": [5, 9.5, 5.5, 10.5], "texture": "#0"},
				"west": {"uv": [4, 9.5, 5, 10.5], "texture": "#0"},
				"up": {"uv": [4, 9.5, 3.5, 8.5], "texture": "#0"},
				"down": {"uv": [4.5, 8.5, 4, 9.5], "texture": "#0"}
			}
		},
		{
			"from": [12.5, 5, 7],
			"to": [13.5, 7, 9],
			"rotation": {"angle": 0, "axis": "y", "origin": [8, 8.5, 8]},
			"faces": {
				"north": {"uv": [9, 6, 9.5, 7], "texture": "#0"},
				"east": {"uv": [8, 6, 9, 7], "texture": "#0"},
				"south": {"uv": [10.5, 6, 11, 7], "texture": "#0"},
				"west": {"uv": [9.5, 6, 10.5, 7], "texture": "#0"},
				"up": {"uv": [9.5, 6, 9, 5], "texture": "#0"},
				"down": {"uv": [10, 5, 9.5, 6], "texture": "#0"}
			}
		},
		{
			"from": [9.5, 5.5, 7.5],
			"to": [12.5, 6.5, 8.5],
			"rotation": {"angle": 0, "axis": "y", "origin": [8, 8.5, 8]},
			"faces": {
				"north": {"uv": [8, 4, 9.5, 4.5], "texture": "#0"},
				"east": {"uv": [7.5, 4, 8, 4.5], "texture": "#0"},
				"south": {"uv": [10, 4, 11.5, 4.5], "texture": "#0"},
				"west": {"uv": [9.5, 4, 10, 4.5], "texture": "#0"},
				"up": {"uv": [9.5, 4, 8, 3.5], "texture": "#0"},
				"down": {"uv": [11, 3.5, 9.5, 4], "texture": "#0"}
			}
		},
		{
			"from": [5, 1.5, 7.5],
			"to": [5, 5.5, 8.5],
			"rotation": {"angle": 0, "axis": "y", "origin": [8, 8.5, 8]},
			"faces": {
				"north": {"uv": [0.5, 0.5, 0.5, 2.5], "texture": "#0"},
				"east": {"uv": [0, 0.5, 0.5, 2.5], "texture": "#0"},
				"south": {"uv": [1, 0.5, 1, 2.5], "texture": "#0"},
				"west": {"uv": [0.5, 0.5, 1, 2.5], "texture": "#0"},
				"up": {"uv": [0.5, 0.5, 0.5, 0], "texture": "#0"},
				"down": {"uv": [0.5, 0, 0.5, 0.5], "texture": "#0"}
			}
		},
		{
			"from": [0.92893, 4.67157, 7.5],
			"to": [0.92893, 5.67157, 8.5],
			"rotation": {"angle": 45, "axis": "z", "origin": [8, 8.5, 8]},
			"faces": {
				"north": {"uv": [2, 0.5, 2, 1], "texture": "#0"},
				"east": {"uv": [1.5, 0.5, 2, 1], "texture": "#0"},
				"south": {"uv": [2.5, 0.5, 2.5, 1], "texture": "#0"},
				"west": {"uv": [2, 0.5, 2.5, 1], "texture": "#0"},
				"up": {"uv": [2, 0.5, 2, 0], "texture": "#0"},
				"down": {"uv": [2, 0, 2, 0.5], "texture": "#0"}
			}
		},
		{
			"from": [6.5, 5.5, 6.5],
			"to": [9.5, 6.5, 9.5],
			"rotation": {"angle": 0, "axis": "y", "origin": [8, 3, 8]},
			"faces": {
				"north": {"uv": [4, 7.5, 5.5, 8], "texture": "#0"},
				"east": {"uv": [2.5, 7.5, 4, 8], "texture": "#0"},
				"south": {"uv": [7, 7.5, 8.5, 8], "texture": "#0"},
				"west": {"uv": [5.5, 7.5, 7, 8], "texture": "#0"},
				"up": {"uv": [5.5, 7.5, 4, 6], "texture": "#0"},
				"down": {"uv": [7, 6, 5.5, 7.5], "texture": "#0"}
			}
		},
		{
			"from": [5, 6.501, 5],
			"to": [11, 6.501, 11],
			"rotation": {"angle": 0, "axis": "y", "origin": [8, 6.501, 8]},
			"faces": {
				"north": {"uv": [3, 3, 6, 3], "texture": "#0"},
				"east": {"uv": [0, 3, 3, 3], "texture": "#0"},
				"south": {"uv": [9, 3, 12, 3], "texture": "#0"},
				"west": {"uv": [6, 3, 9, 3], "texture": "#0"},
				"up": {"uv": [6, 3, 3, 0], "texture": "#0"},
				"down": {"uv": [9, 0, 6, 3], "texture": "#0"}
			}
		},
		{
			"from": [7, 0.5, 7],
			"to": [9, 5.5, 9],
			"rotation": {"angle": 0, "axis": "y", "origin": [8, 3, 8]},
			"faces": {
				"north": {"uv": [9, 8.5, 10, 11], "texture": "#0"},
				"east": {"uv": [8, 8.5, 9, 11], "texture": "#0"},
				"south": {"uv": [11, 8.5, 12, 11], "texture": "#0"},
				"west": {"uv": [10, 8.5, 11, 11], "texture": "#0"},
				"up": {"uv": [10, 8.5, 9, 7.5], "texture": "#0"},
				"down": {"uv": [11, 7.5, 10, 8.5], "texture": "#0"}
			}
		},
		{
			"from": [6.5, -0.5, 6.5],
			"to": [9.5, 0.5, 9.5],
			"rotation": {"angle": 0, "axis": "y", "origin": [8, 3, 8]},
			"faces": {
				"north": {"uv": [4, 5, 5.5, 5.5], "texture": "#0"},
				"east": {"uv": [2.5, 5, 4, 5.5], "texture": "#0"},
				"south": {"uv": [7, 5, 8.5, 5.5], "texture": "#0"},
				"west": {"uv": [5.5, 5, 7, 5.5], "texture": "#0"},
				"up": {"uv": [5.5, 5, 4, 3.5], "texture": "#0"},
				"down": {"uv": [7, 3.5, 5.5, 5], "texture": "#0"}
			}
		}
	],
	"display": {
		"fixed": {
			"rotation": [180, 0, 0],
			"translation": [0, -7, -12.5],
			"scale": [2, 2, 2]
		}
	},
	"groups": [
		{
			"name": "blade",
			"origin": [8, 0, 8],
			"color": 0,
			"children": [0]
		},
		{
			"name": "hand_guard",
			"origin": [9.75, 6, 8],
			"color": 0,
			"children": [1, 2, 3, 4, 5, 6, 7, 8]
		},
		{
			"name": "handle",
			"origin": [8, 1, 8],
			"color": 0,
			"children": [9, 10]
		}
	]
}