{
	"credit": "Made with Blockbench",
	"parent": "item/custom_tools/sword_display",
	"texture_size": [32, 32],
	"textures": {
		"0": "item/custom_tools/netherite/arming_sword",
		"particle": "item/custom_tools/netherite/arming_sword"
	},
	"elements": [
		{
			"from": [6.5, 7, 8],
			"to": [9.5, 21, 8],
			"rotation": {"angle": 0, "axis": "y", "origin": [8, 10.5, 8]},
			"faces": {
				"north": {"uv": [0, 0, 1.5, 7], "texture": "#0"},
				"east": {"uv": [0, 0, 0, 7], "texture": "#0"},
				"south": {"uv": [1.5, 0, 3, 7], "texture": "#0"},
				"west": {"uv": [1.5, 0, 1.5, 7], "texture": "#0"},
				"up": {"uv": [1.5, 0, 0, 0], "texture": "#0"},
				"down": {"uv": [3, 0, 1.5, 0], "texture": "#0"}
			}
		},
		{
			"from": [6, 6, 7],
			"to": [10, 7, 9],
			"rotation": {"angle": 0, "axis": "y", "origin": [8, 10.5, 8]},
			"faces": {
				"north": {"uv": [4.5, 4, 6.5, 4.5], "texture": "#0"},
				"east": {"uv": [3.5, 4, 4.5, 4.5], "texture": "#0"},
				"south": {"uv": [7.5, 4, 9.5, 4.5], "texture": "#0"},
				"west": {"uv": [6.5, 4, 7.5, 4.5], "texture": "#0"},
				"up": {"uv": [6.5, 4, 4.5, 3], "texture": "#0"},
				"down": {"uv": [8.5, 3, 6.5, 4], "texture": "#0"}
			}
		},
		{
			"from": [3, 6, 7.5],
			"to": [6, 7, 8.5],
			"rotation": {"angle": 0, "axis": "y", "origin": [8, 10.5, 8]},
			"faces": {
				"north": {"uv": [8.5, 7, 10, 7.5], "texture": "#0"},
				"east": {"uv": [8, 7, 8.5, 7.5], "texture": "#0"},
				"south": {"uv": [10.5, 7, 12, 7.5], "texture": "#0"},
				"west": {"uv": [10, 7, 10.5, 7.5], "texture": "#0"},
				"up": {"uv": [10, 7, 8.5, 6.5], "texture": "#0"},
				"down": {"uv": [11.5, 6.5, 10, 7], "texture": "#0"}
			}
		},
		{
			"from": [10, 6, 7.5],
			"to": [13, 7, 8.5],
			"rotation": {"angle": 0, "axis": "y", "origin": [8, 10.5, 8]},
			"faces": {
				"north": {"uv": [8.5, 5.5, 10, 6], "texture": "#0"},
				"east": {"uv": [8, 5.5, 8.5, 6], "texture": "#0"},
				"south": {"uv": [10.5, 5.5, 12, 6], "texture": "#0"},
				"west": {"uv": [10, 5.5, 10.5, 6], "texture": "#0"},
				"up": {"uv": [10, 5.5, 8.5, 5], "texture": "#0"},
				"down": {"uv": [11.5, 5, 10, 5.5], "texture": "#0"}
			}
		},
		{
			"from": [7, 1, 7],
			"to": [9, 6, 9],
			"rotation": {"angle": 0, "axis": "y", "origin": [8, 10.5, 8]},
			"faces": {
				"north": {"uv": [4.5, 6, 5.5, 8.5], "texture": "#0"},
				"east": {"uv": [3.5, 6, 4.5, 8.5], "texture": "#0"},
				"south": {"uv": [6.5, 6, 7.5, 8.5], "texture": "#0"},
				"west": {"uv": [5.5, 6, 6.5, 8.5], "texture": "#0"},
				"up": {"uv": [5.5, 6, 4.5, 5], "texture": "#0"},
				"down": {"uv": [6.5, 5, 5.5, 6], "texture": "#0"}
			}
		},
		{
			"from": [6.5, -1.99999, 7],
			"to": [9.5, 1.00001, 9],
			"rotation": {"angle": 0, "axis": "z", "origin": [8, 1.00001, 8]},
			"faces": {
				"north": {"uv": [4.5, 1, 6, 2.5], "texture": "#0"},
				"east": {"uv": [3.5, 1, 4.5, 2.5], "texture": "#0"},
				"south": {"uv": [7, 1, 8.5, 2.5], "texture": "#0"},
				"west": {"uv": [6, 1, 7, 2.5], "texture": "#0"},
				"up": {"uv": [6, 1, 4.5, 0], "texture": "#0"},
				"down": {"uv": [7.5, 0, 6, 1], "texture": "#0"}
			}
		}
	],
	"groups": [
		{
			"name": "blade",
			"origin": [8, 0, 8],
			"color": 0,
			"children": [0]
		},
		{
			"name": "hand_guard",
			"origin": [9.75, 6, 8],
			"color": 0,
			"children": [1, 2, 3]
		},
		{
			"name": "handle",
			"origin": [8, 1, 8],
			"color": 0,
			"children": [4, 5]
		}
	]
}