{
	"credit": "Made with Blockbench",
	"parent": "item/custom_tools/sword_display",
	"texture_size": [32, 32],
	"textures": {
		"0": "item/custom_tools/netherite/battle_axe",
		"particle": "item/custom_tools/netherite/battle_axe"
	},
	"elements": [
		{
			"from": [10, 10, 8],
			"to": [13, 13, 8],
			"rotation": {"angle": 0, "axis": "y", "origin": [6.5, 5.5, 8]},
			"faces": {
				"north": {"uv": [0, 8.5, 1.5, 10], "texture": "#0"},
				"east": {"uv": [0, 8.5, 0, 10], "texture": "#0"},
				"south": {"uv": [1.5, 8.5, 3, 10], "texture": "#0"},
				"west": {"uv": [1.5, 8.5, 1.5, 10], "texture": "#0"},
				"up": {"uv": [1.5, 8.5, 0, 8.5], "texture": "#0"},
				"down": {"uv": [3, 8.5, 1.5, 8.5], "texture": "#0"}
			}
		},
		{
			"from": [1, 8, 8],
			"to": [6, 17, 8],
			"rotation": {"angle": 0, "axis": "y", "origin": [7.5, 7.5, 8]},
			"faces": {
				"north": {"uv": [4.5, 0, 7, 4.5], "texture": "#0"},
				"east": {"uv": [4.5, 0, 4.5, 4.5], "texture": "#0"},
				"south": {"uv": [7, 0, 9.5, 4.5], "texture": "#0"},
				"west": {"uv": [7, 0, 7, 4.5], "texture": "#0"},
				"up": {"uv": [7, 0, 4.5, 0], "texture": "#0"},
				"down": {"uv": [9.5, 0, 7, 0], "texture": "#0"}
			}
		},
		{
			"from": [6, 11, 7],
			"to": [10, 14, 9],
			"rotation": {"angle": 0, "axis": "y", "origin": [6.5, 6.5, 7.5]},
			"faces": {
				"north": {"uv": [5.5, 6, 7.5, 7.5], "texture": "#0"},
				"east": {"uv": [4.5, 6, 5.5, 7.5], "texture": "#0"},
				"south": {"uv": [8.5, 6, 10.5, 7.5], "texture": "#0"},
				"west": {"uv": [7.5, 6, 8.5, 7.5], "texture": "#0"},
				"up": {"uv": [7.5, 6, 5.5, 5], "texture": "#0"},
				"down": {"uv": [9.5, 5, 7.5, 6], "texture": "#0"}
			}
		},
		{
			"from": [7, -3, 7.00001],
			"to": [9, 11, 9.00001],
			"rotation": {"angle": 0, "axis": "y", "origin": [8, 4, 8.00001]},
			"faces": {
				"north": {"uv": [1, 1, 2, 8], "texture": "#0"},
				"east": {"uv": [0, 1, 1, 8], "texture": "#0"},
				"south": {"uv": [3, 1, 4, 8], "texture": "#0"},
				"west": {"uv": [2, 1, 3, 8], "texture": "#0"},
				"up": {"uv": [2, 1, 1, 0], "texture": "#0"},
				"down": {"uv": [3, 0, 2, 1], "texture": "#0"}
			}
		},
		{
			"from": [7, 14, 7.00001],
			"to": [9, 15, 9.00001],
			"rotation": {"angle": 0, "axis": "y", "origin": [8, 4, 8.00001]},
			"faces": {
				"north": {"uv": [10, 9, 11, 9.5], "texture": "#0"},
				"east": {"uv": [9, 9, 10, 9.5], "texture": "#0"},
				"south": {"uv": [12, 9, 13, 9.5], "texture": "#0"},
				"west": {"uv": [11, 9, 12, 9.5], "texture": "#0"},
				"up": {"uv": [11, 9, 10, 8], "texture": "#0"},
				"down": {"uv": [12, 8, 11, 9], "texture": "#0"}
			}
		},
		{
			"from": [6.5, -5.99999, 7],
			"to": [9.5, -2.99999, 9],
			"rotation": {"angle": 0, "axis": "y", "origin": [8, 1.00001, 8]},
			"faces": {
				"north": {"uv": [4.5, 9, 6, 10.5], "texture": "#0"},
				"east": {"uv": [3.5, 9, 4.5, 10.5], "texture": "#0"},
				"south": {"uv": [7, 9, 8.5, 10.5], "texture": "#0"},
				"west": {"uv": [6, 9, 7, 10.5], "texture": "#0"},
				"up": {"uv": [6, 9, 4.5, 8], "texture": "#0"},
				"down": {"uv": [7.5, 8, 6, 9], "texture": "#0"}
			}
		}
	],
	"display": {
		"fixed": {
			"translation": [0, -10, -12.5],
			"scale": [2, 2, 2]
		}
	},
	"groups": [
		{
			"name": "blade",
			"origin": [8, 0, 8],
			"color": 0,
			"children": [0, 1]
		},
		{
			"name": "hand_guard",
			"origin": [9.75, 6, 8],
			"color": 0,
			"children": [2]
		},
		{
			"name": "handle",
			"origin": [8, 1, 8],
			"color": 0,
			"children": [3, 4]
		},
		5
	]
}