{
	"credit": "Made with Blockbench",
	"parent": "item/custom_tools/sword_display",
	"texture_size": [32, 32],
	"textures": {
		"0": "item/custom_tools/netherite/gladius",
		"particle": "item/custom_tools/netherite/gladius"
	},
	"elements": [
		{
			"from": [6.5, 7, 8],
			"to": [9.5, 17, 8],
			"rotation": {"angle": 0, "axis": "y", "origin": [8, 6.75, 8]},
			"faces": {
				"north": {"uv": [0, 2.5, 1.5, 7.5], "texture": "#0"},
				"east": {"uv": [0, 2.5, 0, 7.5], "texture": "#0"},
				"south": {"uv": [1.5, 2.5, 3, 7.5], "texture": "#0"},
				"west": {"uv": [1.5, 2.5, 1.5, 7.5], "texture": "#0"},
				"up": {"uv": [1.5, 2.5, 0, 2.5], "texture": "#0"},
				"down": {"uv": [3, 2.5, 1.5, 2.5], "texture": "#0"}
			}
		},
		{
			"from": [6, 6, 7],
			"to": [10, 7, 9],
			"rotation": {"angle": 0, "axis": "y", "origin": [8, 6.75, 8]},
			"faces": {
				"north": {"uv": [4.5, 3.5, 6.5, 4], "texture": "#0"},
				"east": {"uv": [3.5, 3.5, 4.5, 4], "texture": "#0"},
				"south": {"uv": [7.5, 3.5, 9.5, 4], "texture": "#0"},
				"west": {"uv": [6.5, 3.5, 7.5, 4], "texture": "#0"},
				"up": {"uv": [6.5, 3.5, 4.5, 2.5], "texture": "#0"},
				"down": {"uv": [8.5, 2.5, 6.5, 3.5], "texture": "#0"}
			}
		},
		{
			"from": [7, 2, 7],
			"to": [9, 6, 9],
			"rotation": {"angle": 0, "axis": "y", "origin": [8, 4, 8]},
			"faces": {
				"north": {"uv": [4.5, 5.5, 5.5, 7.5], "texture": "#0"},
				"east": {"uv": [3.5, 5.5, 4.5, 7.5], "texture": "#0"},
				"south": {"uv": [6.5, 5.5, 7.5, 7.5], "texture": "#0"},
				"west": {"uv": [5.5, 5.5, 6.5, 7.5], "texture": "#0"},
				"up": {"uv": [5.5, 5.5, 4.5, 4.5], "rotation": 270, "texture": "#0"},
				"down": {"uv": [6.5, 4.5, 5.5, 5.5], "rotation": 90, "texture": "#0"}
			}
		},
		{
			"from": [6.5, 0, 7],
			"to": [9.5, 2, 9],
			"rotation": {"angle": 0, "axis": "z", "origin": [8, 6.75, 8]},
			"faces": {
				"north": {"uv": [1, 1, 2.5, 2], "texture": "#0"},
				"east": {"uv": [0, 1, 1, 2], "texture": "#0"},
				"south": {"uv": [3.5, 1, 5, 2], "texture": "#0"},
				"west": {"uv": [2.5, 1, 3.5, 2], "texture": "#0"},
				"up": {"uv": [2.5, 1, 1, 0], "texture": "#0"},
				"down": {"uv": [4, 0, 2.5, 1], "texture": "#0"}
			}
		}
	],
	"groups": [
		{
			"name": "blade",
			"origin": [8, 0, 8],
			"color": 0,
			"children": [0]
		},
		{
			"name": "hand_guard",
			"origin": [9.75, 6, 8],
			"color": 0,
			"children": [1]
		},
		{
			"name": "handle",
			"origin": [8, 1, 8],
			"color": 0,
			"children": [2, 3]
		}
	]
}