{
	"credit": "Made with Blockbench",
	"parent": "item/custom_tools/sword_display",
	"texture_size": [32, 32],
	"textures": {
		"0": "item/custom_tools/netherite/longsword",
		"particle": "item/custom_tools/netherite/longsword"
	},
	"elements": [
		{
			"from": [6.5, 8.5, 8],
			"to": [9.5, 26.5, 8],
			"rotation": {"angle": 0, "axis": "y", "origin": [8, 8.5, 8]},
			"faces": {
				"north": {"uv": [0, 0, 1.5, 9], "texture": "#0"},
				"east": {"uv": [0, 0, 0, 9], "texture": "#0"},
				"south": {"uv": [1.5, 0, 3, 9], "texture": "#0"},
				"west": {"uv": [1.5, 0, 1.5, 9], "texture": "#0"},
				"up": {"uv": [1.5, 0, 0, 0], "texture": "#0"},
				"down": {"uv": [3, 0, 1.5, 0], "texture": "#0"}
			}
		},
		{
			"from": [7, 0.5, 7],
			"to": [9, 6.5, 9],
			"rotation": {"angle": 0, "axis": "y", "origin": [8, 3, 8]},
			"faces": {
				"north": {"uv": [4.5, 1, 5.5, 4], "texture": "#0"},
				"east": {"uv": [3.5, 1, 4.5, 4], "texture": "#0"},
				"south": {"uv": [6.5, 1, 7.5, 4], "texture": "#0"},
				"west": {"uv": [5.5, 1, 6.5, 4], "texture": "#0"},
				"up": {"uv": [5.5, 1, 4.5, 0], "texture": "#0"},
				"down": {"uv": [6.5, 0, 5.5, 1], "texture": "#0"}
			}
		},
		{
			"from": [6.5, -2.5, 7],
			"to": [9.5, 0.5, 9],
			"rotation": {"angle": 0, "axis": "y", "origin": [8, 3, 8]},
			"faces": {
				"north": {"uv": [4.5, 5.5, 6, 7], "texture": "#0"},
				"east": {"uv": [3.5, 5.5, 4.5, 7], "texture": "#0"},
				"south": {"uv": [7, 5.5, 8.5, 7], "texture": "#0"},
				"west": {"uv": [6, 5.5, 7, 7], "texture": "#0"},
				"up": {"uv": [6, 5.5, 4.5, 4.5], "texture": "#0"},
				"down": {"uv": [7.5, 4.5, 6, 5.5], "texture": "#0"}
			}
		},
		{
			"from": [2.5, 7, 7.5],
			"to": [6.5, 8, 8.5],
			"rotation": {"angle": 0, "axis": "y", "origin": [8, 8.5, 8]},
			"faces": {
				"north": {"uv": [8.5, 2, 10.5, 2.5], "texture": "#0"},
				"east": {"uv": [8, 2, 8.5, 2.5], "texture": "#0"},
				"south": {"uv": [11, 2, 13, 2.5], "texture": "#0"},
				"west": {"uv": [10.5, 2, 11, 2.5], "texture": "#0"},
				"up": {"uv": [10.5, 2, 8.5, 1.5], "texture": "#0"},
				"down": {"uv": [12.5, 1.5, 10.5, 2], "texture": "#0"}
			}
		},
		{
			"from": [2.5, 8, 8],
			"to": [3.5, 9, 8],
			"rotation": {"angle": 0, "axis": "y", "origin": [8, 8.5, 8]},
			"faces": {
				"north": {"uv": [8, 4, 8.5, 4.5], "texture": "#0"},
				"east": {"uv": [8, 4, 8, 4.5], "texture": "#0"},
				"south": {"uv": [8.5, 4, 9, 4.5], "texture": "#0"},
				"west": {"uv": [8.5, 4, 8.5, 4.5], "texture": "#0"},
				"up": {"uv": [8.5, 4, 8, 4], "texture": "#0"},
				"down": {"uv": [9, 4, 8.5, 4], "texture": "#0"}
			}
		},
		{
			"from": [12.5, 8, 8],
			"to": [13.5, 9, 8],
			"rotation": {"angle": 0, "axis": "y", "origin": [8, 8.5, 8]},
			"faces": {
				"north": {"uv": [8, 3, 8.5, 3.5], "texture": "#0"},
				"east": {"uv": [8, 3, 8, 3.5], "texture": "#0"},
				"south": {"uv": [8.5, 3, 9, 3.5], "texture": "#0"},
				"west": {"uv": [8.5, 3, 8.5, 3.5], "texture": "#0"},
				"up": {"uv": [8.5, 3, 8, 3], "texture": "#0"},
				"down": {"uv": [9, 3, 8.5, 3], "texture": "#0"}
			}
		},
		{
			"from": [9.5, 7, 7.5],
			"to": [13.5, 8, 8.5],
			"rotation": {"angle": 0, "axis": "y", "origin": [8, 8.5, 8]},
			"faces": {
				"north": {"uv": [8.5, 0.5, 10.5, 1], "texture": "#0"},
				"east": {"uv": [8, 0.5, 8.5, 1], "texture": "#0"},
				"south": {"uv": [11, 0.5, 13, 1], "texture": "#0"},
				"west": {"uv": [10.5, 0.5, 11, 1], "texture": "#0"},
				"up": {"uv": [10.5, 0.5, 8.5, 0], "texture": "#0"},
				"down": {"uv": [12.5, 0, 10.5, 0.5], "texture": "#0"}
			}
		},
		{
			"from": [6.5, 6.5, 7],
			"to": [9.5, 8.5, 9],
			"rotation": {"angle": 0, "axis": "y", "origin": [8, 3, 8]},
			"faces": {
				"north": {"uv": [4.5, 8.5, 6, 9.5], "texture": "#0"},
				"east": {"uv": [3.5, 8.5, 4.5, 9.5], "texture": "#0"},
				"south": {"uv": [7, 8.5, 8.5, 9.5], "texture": "#0"},
				"west": {"uv": [6, 8.5, 7, 9.5], "texture": "#0"},
				"up": {"uv": [6, 8.5, 4.5, 7.5], "texture": "#0"},
				"down": {"uv": [7.5, 7.5, 6, 8.5], "texture": "#0"}
			}
		}
	],
	"display": {
		"fixed": {
			"rotation": [180, 0, 0],
			"translation": [0, -7, -12.5],
			"scale": [2, 2, 2]
		}
	},
	"groups": [
		{
			"name": "blade",
			"origin": [8, 0, 8],
			"color": 0,
			"children": [0]
		},
		{
			"name": "handle",
			"origin": [8, 1, 8],
			"color": 0,
			"children": [1, 2]
		},
		{
			"name": "hand_guard",
			"origin": [9.75, 6, 8],
			"color": 0,
			"children": [3, 4, 5, 6, 7]
		}
	]
}