{
	"credit": "Made with Blockbench",
	"parent": "item/custom_tools/sword_display",
	"texture_size": [32, 32],
	"textures": {
		"0": "item/custom_tools/netherite/zweihander",
		"particle": "item/custom_tools/netherite/zweihander"
	},
	"elements": [
		{
			"from": [6.5, 9, 8],
			"to": [9.5, 29, 8],
			"rotation": {"angle": 0, "axis": "y", "origin": [8, 8.5, 7.99955]},
			"faces": {
				"north": {"uv": [0, 0, 1.5, 10], "texture": "#0"},
				"east": {"uv": [0, 0, 0, 10], "texture": "#0"},
				"south": {"uv": [1.5, 0, 3, 10], "texture": "#0"},
				"west": {"uv": [1.5, 0, 1.5, 10], "texture": "#0"},
				"up": {"uv": [1.5, 0, 0, 0], "texture": "#0"},
				"down": {"uv": [3, 0, 1.5, 0], "texture": "#0"}
			}
		},
		{
			"from": [9.5, 9, 8],
			"to": [10.5, 12, 8],
			"rotation": {"angle": 0, "axis": "y", "origin": [8, 8.5, 7.99955]},
			"faces": {
				"north": {"uv": [4, 10.5, 4.5, 12], "texture": "#0"},
				"east": {"uv": [4, 10.5, 4, 12], "texture": "#0"},
				"south": {"uv": [4.5, 10.5, 5, 12], "texture": "#0"},
				"west": {"uv": [4.5, 10.5, 4.5, 12], "texture": "#0"},
				"up": {"uv": [4.5, 10.5, 4, 10.5], "texture": "#0"},
				"down": {"uv": [5, 10.5, 4.5, 10.5], "texture": "#0"}
			}
		},
		{
			"from": [5.5, 9, 8],
			"to": [6.5, 12, 8],
			"rotation": {"angle": 0, "axis": "y", "origin": [8, 8.5, 7.99955]},
			"faces": {
				"north": {"uv": [2.5, 10.5, 3, 12], "texture": "#0"},
				"east": {"uv": [2.5, 10.5, 2.5, 12], "texture": "#0"},
				"south": {"uv": [3, 10.5, 3.5, 12], "texture": "#0"},
				"west": {"uv": [3, 10.5, 3, 12], "texture": "#0"},
				"up": {"uv": [3, 10.5, 2.5, 10.5], "texture": "#0"},
				"down": {"uv": [3.5, 10.5, 3, 10.5], "texture": "#0"}
			}
		},
		{
			"from": [4.5, 12, 8],
			"to": [6.5, 13, 8],
			"rotation": {"angle": 0, "axis": "y", "origin": [8, 8.5, 7.99955]},
			"faces": {
				"north": {"uv": [0, 10.5, 1, 11], "texture": "#0"},
				"east": {"uv": [0, 10.5, 0, 11], "texture": "#0"},
				"south": {"uv": [1, 10.5, 2, 11], "texture": "#0"},
				"west": {"uv": [1, 10.5, 1, 11], "texture": "#0"},
				"up": {"uv": [1, 10.5, 0, 10.5], "texture": "#0"},
				"down": {"uv": [2, 10.5, 1, 10.5], "texture": "#0"}
			}
		},
		{
			"from": [9.5, 12, 8],
			"to": [11.5, 13, 8],
			"rotation": {"angle": 0, "axis": "y", "origin": [8, 8.5, 7.99955]},
			"faces": {
				"north": {"uv": [10, 2.5, 11, 3], "texture": "#0"},
				"east": {"uv": [10, 2.5, 10, 3], "texture": "#0"},
				"south": {"uv": [11, 2.5, 12, 3], "texture": "#0"},
				"west": {"uv": [11, 2.5, 11, 3], "texture": "#0"},
				"up": {"uv": [11, 2.5, 10, 2.5], "texture": "#0"},
				"down": {"uv": [12, 2.5, 11, 2.5], "texture": "#0"}
			}
		},
		{
			"from": [6, 6, 7],
			"to": [10, 10, 9],
			"rotation": {"angle": 0, "axis": "z", "origin": [8, 8, 8]},
			"faces": {
				"north": {"uv": [4.5, 1, 6.5, 3], "texture": "#0"},
				"east": {"uv": [3.5, 1, 4.5, 3], "texture": "#0"},
				"south": {"uv": [7.5, 1, 9.5, 3], "texture": "#0"},
				"west": {"uv": [6.5, 1, 7.5, 3], "texture": "#0"},
				"up": {"uv": [6.5, 1, 4.5, 0], "texture": "#0"},
				"down": {"uv": [8.5, 0, 6.5, 1], "texture": "#0"}
			}
		},
		{
			"from": [10, 7, 7.5],
			"to": [14, 9, 8.5],
			"rotation": {"angle": 0, "axis": "y", "origin": [8, 8.5, 7.99955]},
			"faces": {
				"north": {"uv": [8.5, 9, 10.5, 10], "texture": "#0"},
				"east": {"uv": [8, 9, 8.5, 10], "texture": "#0"},
				"south": {"uv": [11, 9, 13, 10], "texture": "#0"},
				"west": {"uv": [10.5, 9, 11, 10], "texture": "#0"},
				"up": {"uv": [10.5, 9, 8.5, 8.5], "texture": "#0"},
				"down": {"uv": [12.5, 8.5, 10.5, 9], "texture": "#0"}
			}
		},
		{
			"from": [2, 7, 7.5],
			"to": [6, 9, 8.5],
			"rotation": {"angle": 0, "axis": "y", "origin": [8, 8.5, 7.99955]},
			"faces": {
				"north": {"uv": [8.5, 7, 10.5, 8], "texture": "#0"},
				"east": {"uv": [8, 7, 8.5, 8], "texture": "#0"},
				"south": {"uv": [11, 7, 13, 8], "texture": "#0"},
				"west": {"uv": [10.5, 7, 11, 8], "texture": "#0"},
				"up": {"uv": [10.5, 7, 8.5, 6.5], "texture": "#0"},
				"down": {"uv": [12.5, 6.5, 10.5, 7], "texture": "#0"}
			}
		},
		{
			"from": [11, 6, 8],
			"to": [14, 11, 8],
			"rotation": {"angle": 0, "axis": "y", "origin": [8, 8.5, 7.99955]},
			"faces": {
				"north": {"uv": [10, 0, 11.5, 2.5], "texture": "#0"},
				"east": {"uv": [10, 0, 10, 2.5], "texture": "#0"},
				"south": {"uv": [11.5, 0, 13, 2.5], "texture": "#0"},
				"west": {"uv": [11.5, 0, 11.5, 2.5], "texture": "#0"},
				"up": {"uv": [11.5, 0, 10, 0], "texture": "#0"},
				"down": {"uv": [13, 0, 11.5, 0], "texture": "#0"}
			}
		},
		{
			"from": [2, 6, 8],
			"to": [5, 11, 8],
			"rotation": {"angle": 0, "axis": "y", "origin": [8, 8.5, 7.99955]},
			"faces": {
				"north": {"uv": [9, 3.5, 10.5, 6], "texture": "#0"},
				"east": {"uv": [9, 3.5, 9, 6], "texture": "#0"},
				"south": {"uv": [10.5, 3.5, 12, 6], "texture": "#0"},
				"west": {"uv": [10.5, 3.5, 10.5, 6], "texture": "#0"},
				"up": {"uv": [10.5, 3.5, 9, 3.5], "texture": "#0"},
				"down": {"uv": [12, 3.5, 10.5, 3.5], "texture": "#0"}
			}
		},
		{
			"from": [6.5, -4.99999, 7],
			"to": [9.5, -1.99999, 9],
			"rotation": {"angle": 0, "axis": "y", "origin": [8, 1.00001, 8]},
			"faces": {
				"north": {"uv": [4.5, 4.5, 6, 6], "texture": "#0"},
				"east": {"uv": [3.5, 4.5, 4.5, 6], "texture": "#0"},
				"south": {"uv": [7, 4.5, 8.5, 6], "texture": "#0"},
				"west": {"uv": [6, 4.5, 7, 6], "texture": "#0"},
				"up": {"uv": [6, 4.5, 4.5, 3.5], "texture": "#0"},
				"down": {"uv": [7.5, 3.5, 6, 4.5], "texture": "#0"}
			}
		},
		{
			"from": [7, -2, 7],
			"to": [9, 6, 9],
			"rotation": {"angle": 0, "axis": "y", "origin": [8, 10.5, 8]},
			"faces": {
				"north": {"uv": [9.5, 11.5, 10.5, 15.5], "texture": "#0"},
				"east": {"uv": [8.5, 11.5, 9.5, 15.5], "texture": "#0"},
				"south": {"uv": [11.5, 11.5, 12.5, 15.5], "texture": "#0"},
				"west": {"uv": [10.5, 11.5, 11.5, 15.5], "texture": "#0"},
				"up": {"uv": [10.5, 11.5, 9.5, 10.5], "texture": "#0"},
				"down": {"uv": [11.5, 10.5, 10.5, 11.5], "texture": "#0"}
			}
		}
	],
	"groups": [
		{
			"name": "blade",
			"origin": [8, 0, 8],
			"color": 0,
			"children": [0, 1, 2, 3, 4]
		},
		{
			"name": "hand_guard",
			"origin": [9.75, 6, 8],
			"color": 0,
			"children": [5, 6, 7, 8, 9]
		},
		{
			"name": "handle",
			"origin": [8, 1, 8],
			"color": 0,
			"children": [10, 11]
		}
	]
}