{
	"credit": "Made with Blockbench",
	"parent": "item/custom_tools/musket_display",
	"texture_size": [64, 64],
	"textures": {
		"0": "item/custom_tools/crossbow/musket_loaded",
		"particle": "item/custom_tools/crossbow/musket_loaded"
	},
	"elements": [
		{
			"from": [6.999, 3, -2],
			"to": [9.001, 6, 16],
			"rotation": {"angle": 0, "axis": "y", "origin": [1, 1, -4]},
			"faces": {
				"north": {"uv": [5.5, 5.5, 6, 6.25], "texture": "#0"},
				"east": {"uv": [1, 5.5, 5.5, 6.25], "texture": "#0"},
				"south": {"uv": [10.5, 5.5, 11, 6.25], "texture": "#0"},
				"west": {"uv": [6, 5.5, 10.5, 6.25], "texture": "#0"},
				"up": {"uv": [6, 5.5, 5.5, 1], "texture": "#0"},
				"down": {"uv": [6.5, 1, 6, 5.5], "texture": "#0"}
			}
		},
		{
			"from": [7, 4, -3],
			"to": [9, 6, -2],
			"rotation": {"angle": 0, "axis": "y", "origin": [7, 4, 3]},
			"faces": {
				"north": {"uv": [3.75, 7.5, 4.25, 8], "texture": "#0"},
				"east": {"uv": [3.5, 7.5, 3.75, 8], "texture": "#0"},
				"south": {"uv": [4.5, 7.5, 5, 8], "texture": "#0"},
				"west": {"uv": [4.25, 7.5, 4.5, 8], "texture": "#0"},
				"up": {"uv": [4.25, 7.5, 3.75, 7.25], "texture": "#0"},
				"down": {"uv": [4.75, 7.25, 4.25, 7.5], "texture": "#0"}
			}
		},
		{
			"from": [6.5, 3.5, -3.001],
			"to": [9.5, 6.5, -3.001],
			"rotation": {"angle": 0, "axis": "y", "origin": [7, 4, 3]},
			"faces": {
				"north": {"uv": [2.75, 8.25, 3.5, 9], "texture": "#0"},
				"east": {"uv": [2.75, 8.25, 2.75, 9], "texture": "#0"},
				"south": {"uv": [3.5, 8.25, 4.25, 9], "texture": "#0"},
				"west": {"uv": [3.5, 8.25, 3.5, 9], "texture": "#0"},
				"up": {"uv": [3.5, 8.25, 2.75, 8.25], "texture": "#0"},
				"down": {"uv": [4.25, 8.25, 3.5, 8.25], "texture": "#0"}
			}
		},
		{
			"from": [9.5, 3.5, -5.001],
			"to": [9.5, 6.5, -3.001],
			"rotation": {"angle": 0, "axis": "y", "origin": [7, 4, 3]},
			"faces": {
				"north": {"uv": [2.75, 9.25, 2.75, 10], "texture": "#0"},
				"east": {"uv": [2.25, 9.25, 2.75, 10], "texture": "#0"},
				"south": {"uv": [3.25, 9.25, 3.25, 10], "texture": "#0"},
				"west": {"uv": [2.75, 9.25, 3.25, 10], "texture": "#0"},
				"up": {"uv": [2.75, 9.25, 2.75, 8.75], "texture": "#0"},
				"down": {"uv": [2.75, 8.75, 2.75, 9.25], "texture": "#0"}
			}
		},
		{
			"from": [6.5, 6.5, -5.001],
			"to": [9.5, 6.5, -3.001],
			"rotation": {"angle": 0, "axis": "y", "origin": [7, 4, 3]},
			"faces": {
				"north": {"uv": [2.75, 10.75, 3.5, 10.75], "texture": "#0"},
				"east": {"uv": [2.25, 10.75, 2.75, 10.75], "texture": "#0"},
				"south": {"uv": [4, 10.75, 4.75, 10.75], "texture": "#0"},
				"west": {"uv": [3.5, 10.75, 4, 10.75], "texture": "#0"},
				"up": {"uv": [3.5, 10.75, 2.75, 10.25], "texture": "#0"},
				"down": {"uv": [4.25, 10.25, 3.5, 10.75], "texture": "#0"}
			}
		},
		{
			"from": [6.5, 3.5, -5.001],
			"to": [9.5, 3.5, -3.001],
			"rotation": {"angle": 0, "axis": "y", "origin": [7, 4, 3]},
			"faces": {
				"north": {"uv": [2.75, 11.5, 3.5, 11.5], "texture": "#0"},
				"east": {"uv": [2.25, 11.5, 2.75, 11.5], "texture": "#0"},
				"south": {"uv": [4, 11.5, 4.75, 11.5], "texture": "#0"},
				"west": {"uv": [3.5, 11.5, 4, 11.5], "texture": "#0"},
				"up": {"uv": [3.5, 11.5, 2.75, 11], "texture": "#0"},
				"down": {"uv": [4.25, 11, 3.5, 11.5], "texture": "#0"}
			}
		},
		{
			"from": [6.5, 3.5, -5.001],
			"to": [6.5, 6.5, -3.001],
			"rotation": {"angle": 0, "axis": "y", "origin": [7, 4, 3]},
			"faces": {
				"north": {"uv": [4.25, 9.25, 4.25, 10], "texture": "#0"},
				"east": {"uv": [3.75, 9.25, 4.25, 10], "texture": "#0"},
				"south": {"uv": [4.75, 9.25, 4.75, 10], "texture": "#0"},
				"west": {"uv": [4.25, 9.25, 4.75, 10], "texture": "#0"},
				"up": {"uv": [4.25, 9.25, 4.25, 8.75], "texture": "#0"},
				"down": {"uv": [4.25, 8.75, 4.25, 9.25], "texture": "#0"}
			}
		},
		{
			"from": [7, 3, 16],
			"to": [9, 6, 21],
			"rotation": {"angle": 22.5, "axis": "x", "origin": [8, 6, 16]},
			"faces": {
				"north": {"uv": [1.25, 4, 1.75, 4.75], "texture": "#0"},
				"east": {"uv": [0, 4, 1.25, 4.75], "texture": "#0"},
				"south": {"uv": [3, 4, 3.5, 4.75], "texture": "#0"},
				"west": {"uv": [1.75, 4, 3, 4.75], "texture": "#0"},
				"up": {"uv": [1.75, 4, 1.25, 2.75], "texture": "#0"},
				"down": {"uv": [2.25, 2.75, 1.75, 4], "texture": "#0"}
			}
		},
		{
			"from": [6.999, 1.31494, 19.47135],
			"to": [9.001, 5.31494, 25.47135],
			"rotation": {"angle": 0, "axis": "x", "origin": [8, 1.31494, 19.47135]},
			"faces": {
				"north": {"uv": [1.5, 1.5, 2, 2.5], "texture": "#0"},
				"east": {"uv": [0, 1.5, 1.5, 2.5], "texture": "#0"},
				"south": {"uv": [3.5, 1.5, 4, 2.5], "texture": "#0"},
				"west": {"uv": [2, 1.5, 3.5, 2.5], "texture": "#0"},
				"up": {"uv": [2, 1.5, 1.5, 0], "texture": "#0"},
				"down": {"uv": [2.5, 0, 2, 1.5], "texture": "#0"}
			}
		},
		{
			"from": [9.002, 5, 12],
			"to": [9.003, 7, 16],
			"rotation": {"angle": 0, "axis": "x", "origin": [9.0015, 4.5, 14.5]},
			"faces": {
				"north": {"uv": [0.5, 7.75, 0.5, 7.25], "rotation": 180, "texture": "#0"},
				"east": {"uv": [0, 7.75, 0.5, 8.75], "rotation": 90, "texture": "#0"},
				"south": {"uv": [0.5, 7.25, 0.5, 7.75], "texture": "#0"},
				"west": {"uv": [2, 7.75, 2.5, 8.75], "rotation": 270, "texture": "#0"},
				"up": {"uv": [1, 7.75, 1, 8.75], "texture": "#0"},
				"down": {"uv": [0.5, 7.75, 0.5, 8.75], "rotation": 180, "texture": "#0"}
			}
		},
		{
			"from": [9.001, 4, 11],
			"to": [9.002, 8, 13],
			"rotation": {"angle": 0, "axis": "x", "origin": [9.0015, 6, 13.5]},
			"faces": {
				"north": {"uv": [1.25, 7.75, 1.25, 8.75], "texture": "#0"},
				"east": {"uv": [0.75, 7.75, 1.25, 8.75], "texture": "#0"},
				"south": {"uv": [1.75, 7.75, 1.75, 8.75], "texture": "#0"},
				"west": {"uv": [1.25, 7.75, 1.75, 8.75], "texture": "#0"},
				"up": {"uv": [1.25, 7.75, 1.25, 7.25], "texture": "#0"},
				"down": {"uv": [1.25, 7.25, 1.25, 7.75], "texture": "#0"}
			}
		},
		{
			"from": [7.999, 2, 10],
			"to": [8.001, 3, 13],
			"rotation": {"angle": 0, "axis": "y", "origin": [8, 2, 13]},
			"faces": {
				"north": {"uv": [3.5, 0.25, 3.5, 0.5], "texture": "#0"},
				"east": {"uv": [2.75, 0.25, 3.5, 0.5], "texture": "#0"},
				"south": {"uv": [4.25, 0.25, 4.25, 0.5], "texture": "#0"},
				"west": {"uv": [3.5, 0.25, 4.25, 0.5], "texture": "#0"},
				"up": {"uv": [3.5, 0.25, 3.5, -0.5], "texture": "#0"},
				"down": {"uv": [3.5, -0.5, 3.5, 0.25], "texture": "#0"}
			}
		},
		{
			"from": [7.999, 1, 13],
			"to": [8.001, 3, 16],
			"rotation": {"angle": 0, "axis": "y", "origin": [8, 2, 13]},
			"faces": {
				"north": {"uv": [3.5, 0.75, 3.5, 1.25], "texture": "#0"},
				"east": {"uv": [2.75, 0.75, 3.5, 1.25], "texture": "#0"},
				"south": {"uv": [4.25, 0.75, 4.25, 1.25], "texture": "#0"},
				"west": {"uv": [3.5, 0.75, 4.25, 1.25], "texture": "#0"},
				"up": {"uv": [3.5, 0.75, 3.5, 0], "texture": "#0"},
				"down": {"uv": [3.5, 0, 3.5, 0.75], "texture": "#0"}
			}
		}
	],
	"display": {
		"thirdperson_righthand": {
			"rotation": [10, 13, 0],
			"translation": [-2, 5.25, -4.25],
			"scale": [0.85, 0.85, 0.85]
		},
		"thirdperson_lefthand": {
			"rotation": [10, 180, 0],
			"translation": [0, 2.75, 10],
			"scale": [0.85, 0.85, 0.85]
		},
		"firstperson_righthand": {
			"rotation": [2, -5, 0],
			"translation": [10, 4, -4]
		},
		"firstperson_lefthand": {
			"rotation": [2, -5, 0],
			"translation": [10, 4, -4]
		},
		"ground": {
			"translation": [0, 5, -2.5],
			"scale": [0.8, 0.8, 0.8]
		}
	},
	"groups": [
		{
			"name": "barrel",
			"origin": [7, 4, 3],
			"color": 0,
			"children": [0, 1, 2, 3, 4, 5, 6]
		},
		{
			"name": "stock",
			"origin": [8, 1.31494, 19.47135],
			"color": 0,
			"children": [7, 8]
		},
		{
			"name": "lock",
			"origin": [9.0015, 6, 13.5],
			"color": 0,
			"children": [9, 10]
		},
		{
			"name": "trigger",
			"origin": [8, 2, 13],
			"color": 0,
			"children": [11, 12]
		}
	]
}